edition_id,year,code,gold,silver,bronze,total,host,gdppc,participants,hdi,country,gender_index
1,1896,USA,11.0,7.0,2.0,20.0,0,6885.6736,22.0,4.0,United States,0.18
1,1896,GRE,10.0,18.0,19.0,47.0,1,2359.0,139.0,4.0,Greece,0.12
1,1896,GER,6.0,5.0,2.0,13.0,0,4368.0,22.0,4.0,Germany,0.071
1,1896,FRA,5.0,4.0,2.0,11.0,0,4280.0,19.0,4.0,France,0.084
1,1896,GBR,2.0,3.0,2.0,7.0,0,7211.0,14.0,4.0,Great Britain,0.094
1,1896,HUN,2.0,1.0,3.0,6.0,0,2547.8,14.0,4.0,Hungary,0.23
1,1896,AUT,2.0,1.0,2.0,5.0,0,4305.0,3.0,4.0,Austria,0.048
1,1896,AUS,2.0,0.0,0.0,2.0,0,5874.0,2.0,4.0,Australia,0.063
1,1896,DEN,1.0,2.0,3.0,6.0,0,4521.0,4.0,4.0,Denmark,0.009
1,1896,SUI,1.0,2.0,0.0,3.0,0,5967.24507057932,2.0,4.0,Switzerland,0.018
1,1896,MIX,1.0,0.0,1.0,2.0,0,,,,Mixed team,
2,1900,FRA,31.0,41.0,40.0,112.0,1,4584.0,1042.0,4.0,France,0.084
2,1900,USA,20.0,13.0,15.0,48.0,0,8037.5712,92.0,4.0,United States,0.18
2,1900,GBR,20.0,8.0,9.0,37.0,0,7594.0,94.0,4.0,Great Britain,0.094
2,1900,BEL,6.0,6.0,6.0,18.0,0,5947.0,66.0,4.0,Belgium,0.044
2,1900,SUI,6.0,3.0,1.0,10.0,0,6611.77821356305,27.0,4.0,Switzerland,0.018
2,1900,GER,4.0,3.0,2.0,9.0,0,4758.0,57.0,4.0,Germany,0.071
2,1900,ITA,3.0,2.0,0.0,5.0,0,3264.0,42.0,4.0,Italy,0.057
2,1900,DEN,1.0,3.0,2.0,6.0,0,4809.0,13.0,4.0,Denmark,0.009
2,1900,MIX,1.0,2.0,3.0,6.0,0,,,,Mixed team,
2,1900,NED,1.0,2.0,3.0,6.0,0,5306.0,35.0,4.0,Netherlands,0.025
2,1900,HUN,1.0,2.0,2.0,5.0,0,2681.0,22.0,4.0,Hungary,0.23
2,1900,CUB,1.0,1.0,0.0,2.0,0,1691.4,1.0,3.0,Cuba,0.3
2,1900,ESP,1.0,0.0,0.0,1.0,0,2672.39052813789,11.0,4.0,Spain,0.059
2,1900,AUT,0.0,3.0,3.0,6.0,0,4594.0,21.0,4.0,Austria,0.048
2,1900,NOR,0.0,2.0,3.0,5.0,0,3249.0,8.0,4.0,Norway,0.012
2,1900,IND,0.0,2.0,0.0,2.0,0,955.0,1.0,2.0,India,0.437
2,1900,BOH,0.0,1.0,1.0,2.0,0,2015.99376130863,11.0,,Bohemia,0.224
2,1900,AUS,0.0,0.0,3.0,3.0,0,6397.0,2.0,4.0,Australia,0.063
2,1900,SWE,0.0,0.0,1.0,1.0,0,3320.0,11.0,4.0,Sweden,0.023
3,1904,USA,80.0,85.0,83.0,248.0,1,8663.6584,920.0,4.0,United States,0.18
3,1904,GER,5.0,4.0,5.0,14.0,0,4914.0,22.0,4.0,Germany,0.071
3,1904,CAN,4.0,1.0,1.0,6.0,0,5228.0,19.0,4.0,Canada,0.069
3,1904,CUB,3.0,0.0,0.0,3.0,0,1809.0,4.0,3.0,Cuba,0.3
3,1904,HUN,2.0,1.0,1.0,4.0,0,2883.8,4.0,4.0,Hungary,0.23
3,1904,GBR,1.0,1.0,0.0,2.0,0,7455.0,5.0,4.0,Great Britain,0.094
3,1904,GRE,1.0,0.0,1.0,2.0,0,2498.0,13.0,4.0,Greece,0.12
3,1904,MIX,1.0,0.0,0.0,1.0,0,,,,Mixed team,
5,1908,GBR,56.0,51.0,39.0,146.0,1,7461.0,524.0,4.0,Great Britain,0.094
5,1908,USA,23.0,12.0,12.0,47.0,0,8975.97607347158,157.0,4.0,United States,0.18
5,1908,SWE,8.0,6.0,11.0,25.0,0,3959.0,121.0,4.0,Sweden,0.023
5,1908,FRA,5.0,5.0,9.0,19.0,0,4854.0,197.0,4.0,France,0.084
5,1908,GER,3.0,5.0,5.0,13.0,0,5187.0,93.0,4.0,Germany,0.071
5,1908,HUN,3.0,4.0,2.0,9.0,0,3086.6,129.0,4.0,Hungary,0.23
5,1908,CAN,3.0,3.0,10.0,16.0,0,5694.0,73.0,4.0,Canada,0.069
5,1908,NOR,2.0,3.0,3.0,8.0,0,3612.0,39.0,4.0,Norway,0.012
5,1908,ITA,2.0,2.0,0.0,4.0,0,3795.0,54.0,4.0,Italy,0.057
5,1908,BEL,1.0,5.0,2.0,8.0,0,6269.0,66.0,4.0,Belgium,0.044
5,1908,ANZ,1.0,2.0,2.0,5.0,0,,18.0,,Australasia,0.34
5,1908,RUS,1.0,2.0,0.0,3.0,0,973.489308271247,7.0,4.0,Russian Federation,0.178
5,1908,FIN,1.0,1.0,3.0,5.0,0,2915.0,41.0,4.0,Finland,0.032
5,1908,RSA,1.0,1.0,0.0,2.0,0,2283.0,20.0,3.0,South Africa,0.401
5,1908,GRE,0.0,3.0,1.0,4.0,0,2550.0,22.0,4.0,Greece,0.12
5,1908,DEN,0.0,2.0,3.0,5.0,0,5662.0,48.0,4.0,Denmark,0.009
5,1908,BOH,0.0,0.0,2.0,2.0,0,,29.0,,Bohemia,0.224
5,1908,NED,0.0,0.0,2.0,2.0,0,5628.0,102.0,4.0,Netherlands,0.025
5,1908,AUT,0.0,0.0,1.0,1.0,0,5292.0,22.0,4.0,Austria,0.048
6,1912,USA,26.0,19.0,19.0,64.0,0,9976.56705254048,229.0,4.0,United States,0.18
6,1912,SWE,23.0,25.0,17.0,65.0,1,4312.0,386.0,4.0,Sweden,0.023
6,1912,GBR,10.0,15.0,16.0,41.0,0,7954.0,253.0,4.0,Great Britain,0.094
6,1912,FIN,9.0,8.0,9.0,26.0,0,3223.0,118.0,4.0,Finland,0.032
6,1912,FRA,7.0,5.0,3.0,15.0,0,5601.0,206.0,4.0,France,0.084
6,1912,GER,6.0,13.0,7.0,26.0,0,5617.0,148.0,4.0,Germany,0.071
6,1912,ITA,5.0,1.0,2.0,8.0,0,3875.0,74.0,4.0,Italy,0.057
6,1912,RSA,4.0,2.0,0.0,6.0,0,1839.75,25.0,3.0,South Africa,0.401
6,1912,NOR,3.0,2.0,5.0,10.0,0,4050.0,117.0,4.0,Norway,0.012
6,1912,CAN,3.0,2.0,3.0,8.0,0,6977.0,32.0,4.0,Canada,0.069
6,1912,HUN,3.0,2.0,3.0,8.0,0,3292.0,147.0,4.0,Hungary,0.23
6,1912,ANZ,2.0,2.0,3.0,7.0,0,,19.0,,Australasia,0.34
6,1912,BEL,2.0,1.0,3.0,6.0,0,6704.0,40.0,4.0,Belgium,0.044
6,1912,DEN,1.0,6.0,5.0,12.0,0,6076.0,97.0,4.0,Denmark,0.009
6,1912,GRE,1.0,0.0,1.0,2.0,0,3135.0,36.0,4.0,Greece,0.12
6,1912,SUI,1.0,0.0,0.0,1.0,0,8311.78027545233,7.0,4.0,Switzerland,0.018
6,1912,RUS,0.0,2.0,3.0,5.0,0,1086.00949503922,159.0,4.0,Russian Federation,0.178
6,1912,AUT,0.0,2.0,2.0,4.0,0,5587.0,84.0,4.0,Austria,0.048
6,1912,NED,0.0,0.0,3.0,3.0,0,6245.0,25.0,4.0,Netherlands,0.025
7,1920,USA,41.0,27.0,27.0,95.0,0,10152.927108763,258.0,4.0,United States,0.18
7,1920,SWE,19.0,20.0,25.0,64.0,0,4788.0,204.0,4.0,Sweden,0.023
7,1920,BEL,16.0,12.0,14.0,42.0,1,6315.0,219.0,4.0,Belgium,0.044
7,1920,FIN,15.0,10.0,9.0,34.0,0,2942.0,69.0,4.0,Finland,0.032
7,1920,GBR,14.0,16.0,13.0,43.0,0,7017.0,162.0,4.0,Great Britain,0.094
7,1920,ITA,14.0,6.0,5.0,25.0,0,3789.0,133.0,4.0,Italy,0.057
7,1920,NOR,13.0,10.0,9.0,32.0,0,4739.0,100.0,4.0,Norway,0.012
7,1920,FRA,9.0,20.0,13.0,42.0,0,5144.0,241.0,4.0,France,0.084
7,1920,NED,4.0,2.0,5.0,11.0,0,6727.0,90.0,4.0,Netherlands,0.025
7,1920,DEN,3.0,9.0,1.0,13.0,0,6363.0,107.0,4.0,Denmark,0.009
7,1920,RSA,3.0,4.0,3.0,10.0,0,1915.0,48.0,3.0,South Africa,0.401
7,1920,CAN,3.0,3.0,3.0,9.0,0,6154.0,45.0,4.0,Canada,0.069
7,1920,SUI,2.0,2.0,7.0,11.0,0,7363.9596412385,58.0,4.0,Switzerland,0.018
7,1920,EST,1.0,2.0,0.0,3.0,0,8403.77966101695,14.0,4.0,Estonia,0.093
7,1920,BRA,1.0,1.0,1.0,3.0,0,1242.0,14.0,3.0,Brazil,0.391
7,1920,AUS,0.0,2.0,1.0,3.0,0,7597.0,16.0,4.0,Australia,0.063
7,1920,JPN,0.0,2.0,0.0,2.0,0,2973.96228429,16.0,4.0,Japan,0.078
7,1920,ESP,0.0,2.0,0.0,2.0,0,3239.31849128423,41.0,4.0,Spain,0.059
7,1920,GRE,0.0,1.0,0.0,1.0,0,2284.0,40.0,4.0,Greece,0.12
7,1920,LUX,0.0,1.0,0.0,1.0,0,13378.0,16.0,4.0,Luxembourg,0.043
7,1920,TCH,0.0,0.0,2.0,2.0,0,3081.0,79.0,,Czechoslovakia,0.34
7,1920,NZL,0.0,0.0,1.0,1.0,0,8992.0,4.0,4.0,New Zealand,0.082
8,1924,USA,45.0,27.0,27.0,99.0,0,11126.7129834632,253.0,4.0,United States,0.18
8,1924,FRA,14.0,15.0,12.0,41.0,1,6661.0,363.0,4.0,France,0.084
8,1924,FIN,14.0,13.0,10.0,37.0,0,3545.0,133.0,4.0,Finland,0.032
8,1924,GBR,9.0,14.0,12.0,35.0,0,7844.0,247.0,4.0,Great Britain,0.094
8,1924,ITA,8.0,3.0,5.0,16.0,0,4324.0,194.0,4.0,Italy,0.057
8,1924,SUI,7.0,8.0,10.0,25.0,0,8195.52064929545,124.0,4.0,Switzerland,0.018
8,1924,NOR,5.0,2.0,3.0,10.0,0,4787.0,71.0,4.0,Norway,0.012
8,1924,SWE,4.0,13.0,12.0,29.0,0,5365.0,152.0,4.0,Sweden,0.023
8,1924,NED,4.0,1.0,6.0,11.0,0,7803.0,149.0,4.0,Netherlands,0.025
8,1924,BEL,3.0,7.0,3.0,13.0,0,7393.0,154.0,4.0,Belgium,0.044
8,1924,AUS,3.0,1.0,2.0,6.0,0,8635.0,32.0,4.0,Australia,0.063
8,1924,DEN,2.0,6.0,3.0,11.0,0,7218.0,105.0,4.0,Denmark,0.009
8,1924,HUN,2.0,4.0,4.0,10.0,0,3048.0,103.0,4.0,Hungary,0.23
8,1924,YUG,2.0,0.0,0.0,2.0,0,1699.0,40.0,,Yugoslavia,0.224
8,1924,TCH,1.0,4.0,5.0,10.0,0,3751.0,145.0,,Czechoslovakia,0.34
8,1924,ARG,1.0,3.0,2.0,6.0,0,6464.0,64.0,4.0,Argentina,0.292
8,1924,EST,1.0,1.0,4.0,6.0,0,8810.96610169491,30.0,4.0,Estonia,0.093
8,1924,RSA,1.0,1.0,1.0,3.0,0,2037.0,32.0,3.0,South Africa,0.401
8,1924,LUX,1.0,1.0,0.0,2.0,0,13378.0,48.0,4.0,Luxembourg,0.043
8,1924,GRE,1.0,0.0,0.0,1.0,0,3279.0,43.0,4.0,Greece,0.12
8,1924,URU,1.0,0.0,0.0,1.0,0,4258.0,18.0,4.0,Uruguay,0.24
8,1924,AUT,0.0,3.0,1.0,4.0,0,5042.0,78.0,4.0,Austria,0.048
8,1924,CAN,0.0,3.0,1.0,4.0,0,6339.0,63.0,4.0,Canada,0.069
8,1924,IRL,0.0,1.0,1.0,2.0,0,4095.0,38.0,4.0,Ireland,0.072
8,1924,POL,0.0,1.0,1.0,2.0,0,3166.22222222222,56.0,4.0,Poland,0.105
8,1924,HAI,0.0,0.0,1.0,1.0,0,1780.0,9.0,2.0,Haiti,0.621
8,1924,JPN,0.0,0.0,1.0,1.0,0,3316.35719319,22.0,4.0,Japan,0.078
8,1924,MON,0.0,0.0,1.0,1.0,0,,7.0,,Monaco,0.224
8,1924,NZL,0.0,0.0,1.0,1.0,0,8198.0,4.0,4.0,New Zealand,0.082
8,1924,POR,0.0,0.0,1.0,1.0,0,2233.0,29.0,4.0,Portugal,0.076
8,1924,ROU,0.0,0.0,1.0,1.0,0,1386.23305129076,12.0,4.0,Romania,0.23
9,1928,USA,22.0,18.0,16.0,56.0,0,11451.0689602393,245.0,4.0,United States,0.18
9,1928,GER,11.0,9.0,19.0,39.0,0,6519.0,247.0,4.0,Germany,0.071
9,1928,NED,8.0,10.0,5.0,23.0,1,9118.0,208.0,4.0,Netherlands,0.025
9,1928,FIN,8.0,8.0,9.0,25.0,0,4315.0,82.0,4.0,Finland,0.032
9,1928,FRA,7.0,12.0,6.0,25.0,0,7063.0,255.0,4.0,France,0.084
9,1928,SWE,7.0,6.0,12.0,25.0,0,6113.0,102.0,4.0,Sweden,0.023
9,1928,ITA,7.0,6.0,7.0,20.0,0,4693.0,126.0,4.0,Italy,0.057
9,1928,SUI,7.0,6.0,4.0,17.0,0,9658.81387249873,101.0,4.0,Switzerland,0.018
9,1928,HUN,5.0,5.0,0.0,10.0,0,3849.0,106.0,4.0,Hungary,0.23
9,1928,GBR,4.0,11.0,7.0,22.0,0,8539.0,197.0,4.0,Great Britain,0.094
9,1928,CAN,4.0,4.0,7.0,15.0,0,8244.0,69.0,4.0,Canada,0.069
9,1928,ARG,3.0,3.0,1.0,7.0,0,6840.0,54.0,4.0,Argentina,0.292
9,1928,DEN,3.0,2.0,4.0,9.0,0,7627.0,69.0,4.0,Denmark,0.009
9,1928,AUT,3.0,0.0,1.0,4.0,0,5829.0,64.0,4.0,Austria,0.048
9,1928,TCH,2.0,5.0,2.0,9.0,0,4745.0,74.0,,Czechoslovakia,0.34
9,1928,JPN,2.0,2.0,1.0,5.0,0,3554.11569192,36.0,4.0,Japan,0.078
9,1928,POL,2.0,1.0,4.0,7.0,0,3332.44444444444,87.0,4.0,Poland,0.105
9,1928,EST,2.0,1.0,2.0,5.0,0,9218.15254237288,21.0,4.0,Estonia,0.093
9,1928,EGY,2.0,1.0,1.0,4.0,0,1583.58339555025,18.0,3.0,Egypt,0.389
9,1928,AUS,1.0,2.0,1.0,4.0,0,8690.0,19.0,4.0,Australia,0.063
9,1928,NOR,1.0,2.0,1.0,4.0,0,5241.0,62.0,4.0,Norway,0.012
9,1928,YUG,1.0,1.0,3.0,5.0,0,1929.0,37.0,,Yugoslavia,0.224
9,1928,RSA,1.0,0.0,2.0,3.0,0,2444.0,27.0,3.0,South Africa,0.401
9,1928,IND,1.0,0.0,0.0,1.0,0,1125.0,10.0,2.0,India,0.437
9,1928,IRL,1.0,0.0,0.0,1.0,0,4363.0,34.0,4.0,Ireland,0.072
9,1928,LUX,1.0,0.0,0.0,1.0,0,13378.0,38.0,4.0,Luxembourg,0.043
9,1928,NZL,1.0,0.0,0.0,1.0,0,8195.0,10.0,4.0,New Zealand,0.082
9,1928,ESP,1.0,0.0,0.0,1.0,0,3901.83504741955,44.0,4.0,Spain,0.059
9,1928,URU,1.0,0.0,0.0,1.0,0,5176.0,1.0,4.0,Uruguay,0.24
9,1928,BEL,0.0,1.0,2.0,3.0,0,8191.0,140.0,4.0,Belgium,0.044
9,1928,CHI,0.0,1.0,0.0,1.0,0,5609.0,28.0,4.0,Chile,0.19
9,1928,HAI,0.0,1.0,0.0,1.0,0,1780.0,2.0,2.0,Haiti,0.621
9,1928,PHI,0.0,0.0,1.0,1.0,0,2219.0,4.0,3.0,Philippines,0.388
9,1928,POR,0.0,0.0,1.0,1.0,0,2343.0,20.0,4.0,Portugal,0.076
10,1932,USA,44.0,36.0,30.0,110.0,1,8380.50437668054,403.0,4.0,United States,0.18
10,1932,ITA,12.0,12.0,12.0,36.0,0,4602.0,87.0,4.0,Italy,0.057
10,1932,FRA,11.0,5.0,4.0,20.0,0,6311.0,100.0,4.0,France,0.084
10,1932,SWE,10.0,5.0,9.0,24.0,0,6325.0,82.0,4.0,Sweden,0.023
10,1932,JPN,7.0,7.0,4.0,18.0,0,3529.28786259,133.0,4.0,Japan,0.078
10,1932,HUN,6.0,5.0,5.0,16.0,0,3494.0,51.0,4.0,Hungary,0.23
10,1932,GER,5.0,12.0,7.0,24.0,0,5359.0,128.0,4.0,Germany,0.071
10,1932,FIN,5.0,8.0,12.0,25.0,0,4065.0,42.0,4.0,Finland,0.032
10,1932,GBR,5.0,7.0,5.0,17.0,0,8206.0,102.0,4.0,Great Britain,0.094
10,1932,POL,3.0,2.0,4.0,9.0,0,2643.0,46.0,4.0,Poland,0.105
10,1932,AUS,3.0,1.0,1.0,5.0,0,7275.0,12.0,4.0,Australia,0.063
10,1932,ARG,3.0,1.0,0.0,4.0,0,5614.0,38.0,4.0,Argentina,0.292
10,1932,CAN,2.0,5.0,9.0,16.0,0,5852.0,86.0,4.0,Canada,0.069
10,1932,NED,2.0,5.0,1.0,8.0,0,8026.0,45.0,4.0,Netherlands,0.025
10,1932,RSA,2.0,0.0,3.0,5.0,0,2047.0,12.0,3.0,South Africa,0.401
10,1932,IRL,2.0,0.0,0.0,2.0,0,4599.0,16.0,4.0,Ireland,0.072
10,1932,TCH,1.0,3.0,2.0,6.0,0,4272.0,27.0,,Czechoslovakia,0.34
10,1932,AUT,1.0,1.0,3.0,5.0,0,4686.0,19.0,4.0,Austria,0.048
10,1932,IND,1.0,0.0,0.0,1.0,0,1130.0,6.0,2.0,India,0.437
10,1932,DEN,0.0,5.0,3.0,8.0,0,8239.0,48.0,4.0,Denmark,0.009
10,1932,MEX,0.0,2.0,0.0,2.0,0,1890.0,79.0,3.0,Mexico,0.352
10,1932,LAT,0.0,1.0,0.0,1.0,0,12506.0,5.0,4.0,Latvia,0.142
10,1932,NZL,0.0,1.0,0.0,1.0,0,6897.0,13.0,4.0,New Zealand,0.082
10,1932,SUI,0.0,1.0,0.0,1.0,0,9752.44296534974,7.0,4.0,Switzerland,0.018
10,1932,PHI,0.0,0.0,3.0,3.0,0,2212.0,8.0,3.0,Philippines,0.388
10,1932,BEL,0.0,0.0,1.0,1.0,0,7343.0,36.0,4.0,Belgium,0.044
10,1932,ESP,0.0,0.0,1.0,1.0,0,3851.0339446991,7.0,4.0,Spain,0.059
10,1932,URU,0.0,0.0,1.0,1.0,0,4450.0,2.0,4.0,Uruguay,0.24
11,1936,GER,38.0,31.0,32.0,101.0,1,7095.0,322.0,4.0,Germany,0.071
11,1936,USA,24.0,21.0,12.0,57.0,0,10568.012351748,269.0,4.0,United States,0.18
11,1936,HUN,10.0,1.0,5.0,16.0,0,4173.0,149.0,4.0,Hungary,0.23
11,1936,ITA,9.0,13.0,5.0,27.0,0,4471.0,189.0,4.0,Italy,0.057
11,1936,FIN,8.0,6.0,6.0,20.0,0,5227.0,93.0,4.0,Finland,0.032
11,1936,FRA,7.0,6.0,6.0,19.0,0,6765.0,165.0,4.0,France,0.084
11,1936,SWE,6.0,5.0,10.0,21.0,0,7396.0,144.0,4.0,Sweden,0.023
11,1936,JPN,6.0,4.0,10.0,20.0,0,3985.54558119,177.0,4.0,Japan,0.078
11,1936,NED,6.0,4.0,7.0,17.0,0,8273.0,133.0,4.0,Netherlands,0.025
11,1936,AUT,5.0,7.0,5.0,17.0,0,4774.0,205.0,4.0,Austria,0.048
11,1936,SUI,4.0,9.0,5.0,18.0,0,9301.84625825247,144.0,4.0,Switzerland,0.018
11,1936,GBR,4.0,7.0,3.0,14.0,0,9620.0,153.0,4.0,Great Britain,0.094
11,1936,TCH,3.0,5.0,1.0,9.0,0,4143.0,161.0,,Czechoslovakia,0.34
11,1936,ARG,2.0,2.0,3.0,7.0,0,6236.0,40.0,4.0,Argentina,0.292
11,1936,EST,2.0,2.0,3.0,7.0,0,10032.5254237288,26.0,4.0,Estonia,0.093
11,1936,EGY,2.0,1.0,2.0,5.0,0,1535.36120651038,38.0,3.0,Egypt,0.389
11,1936,CAN,1.0,3.0,5.0,9.0,0,6574.0,94.0,4.0,Canada,0.069
11,1936,NOR,1.0,3.0,2.0,6.0,0,6432.0,51.0,4.0,Norway,0.012
11,1936,TUR,1.0,0.0,1.0,2.0,0,,32.0,4.0,Türkiye,0.259
11,1936,IND,1.0,0.0,0.0,1.0,0,1111.0,9.0,2.0,India,0.437
11,1936,NZL,1.0,0.0,0.0,1.0,0,9309.0,7.0,4.0,New Zealand,0.082
11,1936,POL,0.0,4.0,5.0,9.0,0,2590.0,98.0,4.0,Poland,0.105
11,1936,DEN,0.0,2.0,3.0,5.0,0,8886.0,102.0,4.0,Denmark,0.009
11,1936,LAT,0.0,1.0,1.0,2.0,0,12506.0,26.0,4.0,Latvia,0.142
11,1936,ROU,0.0,1.0,0.0,1.0,0,1585.24670716914,45.0,4.0,Romania,0.23
11,1936,RSA,0.0,1.0,0.0,1.0,0,3048.0,36.0,3.0,South Africa,0.401
11,1936,YUG,0.0,1.0,0.0,1.0,0,1863.0,85.0,,Yugoslavia,0.224
11,1936,BEL,0.0,0.0,3.0,3.0,0,7831.0,113.0,4.0,Belgium,0.044
11,1936,MEX,0.0,0.0,3.0,3.0,0,2444.0,19.0,3.0,Mexico,0.352
11,1936,AUS,0.0,0.0,1.0,1.0,0,8792.0,25.0,4.0,Australia,0.063
11,1936,PHI,0.0,0.0,1.0,1.0,0,2174.0,22.0,3.0,Philippines,0.388
11,1936,POR,0.0,0.0,1.0,1.0,0,2428.0,18.0,4.0,Portugal,0.076
12,1948,USA,38.0,27.0,19.0,84.0,0,14734.232124,226.0,4.0,United States,0.18
12,1948,SWE,17.0,11.0,18.0,46.0,0,9822.0,148.0,4.0,Sweden,0.023
12,1948,FRA,11.0,6.0,15.0,32.0,0,7002.0,237.0,4.0,France,0.084
12,1948,FIN,10.0,8.0,6.0,24.0,0,6307.0,126.0,4.0,Finland,0.032
12,1948,HUN,10.0,5.0,13.0,28.0,0,3507.0,119.0,4.0,Hungary,0.23
12,1948,ITA,9.0,12.0,10.0,31.0,0,4814.0,145.0,4.0,Italy,0.057
12,1948,TUR,6.0,4.0,2.0,12.0,0,,56.0,4.0,Türkiye,0.259
12,1948,TCH,6.0,2.0,3.0,11.0,0,4922.0,64.0,,Czechoslovakia,0.34
12,1948,SUI,5.0,12.0,6.0,23.0,0,11189.3430725298,129.0,4.0,Switzerland,0.018
12,1948,DEN,5.0,8.0,9.0,22.0,0,9776.0,104.0,4.0,Denmark,0.009
12,1948,NED,5.0,2.0,9.0,16.0,0,8751.0,104.0,4.0,Netherlands,0.025
12,1948,GBR,4.0,16.0,7.0,27.0,1,10753.0,324.0,4.0,Great Britain,0.094
12,1948,ARG,3.0,3.0,1.0,7.0,0,8372.0,150.0,4.0,Argentina,0.292
12,1948,AUS,2.0,6.0,5.0,13.0,0,11105.0,66.0,4.0,Australia,0.063
12,1948,AUT,2.0,2.0,4.0,8.0,0,4406.0,126.0,4.0,Austria,0.048
12,1948,BEL,2.0,2.0,3.0,7.0,0,8008.0,101.0,4.0,Belgium,0.044
12,1948,RSA,2.0,2.0,2.0,6.0,0,3848.0,33.0,3.0,South Africa,0.401
12,1948,EGY,2.0,2.0,1.0,5.0,0,1463.02792295057,67.0,3.0,Egypt,0.389
12,1948,MEX,2.0,1.0,2.0,5.0,0,3188.0,76.0,3.0,Mexico,0.352
12,1948,NOR,1.0,3.0,3.0,7.0,0,8199.0,62.0,4.0,Norway,0.012
12,1948,JAM,1.0,2.0,0.0,3.0,0,2311.66666666667,17.0,3.0,Jamaica,0.35
12,1948,POL,1.0,0.0,1.0,2.0,0,3439.49113062175,41.0,4.0,Poland,0.105
12,1948,IND,1.0,0.0,0.0,1.0,0,983.0,44.0,2.0,India,0.437
12,1948,PER,1.0,0.0,0.0,1.0,0,3282.0,34.0,3.0,Peru,0.36
12,1948,CAN,0.0,2.0,2.0,4.0,0,11261.0,108.0,4.0,Canada,0.069
12,1948,YUG,0.0,2.0,0.0,2.0,0,2273.0,47.0,,Yugoslavia,0.224
12,1948,POR,0.0,1.0,1.0,2.0,0,3261.0,33.0,4.0,Portugal,0.076
12,1948,URU,0.0,1.0,1.0,2.0,0,5853.0,39.0,4.0,Uruguay,0.24
12,1948,CUB,0.0,1.0,0.0,1.0,0,2507.0,40.0,3.0,Cuba,0.3
12,1948,ESP,0.0,1.0,0.0,1.0,0,3473.9224482393,60.0,4.0,Spain,0.059
12,1948,SRI,0.0,1.0,0.0,1.0,0,1847.0,7.0,3.0,Sri Lanka,0.376
12,1948,TTO,0.0,1.0,0.0,1.0,0,5856.0,5.0,4.0,Trinidad and Tobago,0.264
12,1948,PAN,0.0,0.0,2.0,2.0,0,2724.0,1.0,4.0,Panama,0.392
12,1948,KOR,0.0,0.0,2.0,2.0,0,,29.0,4.0,Republic of Korea,0.062
12,1948,BRA,0.0,0.0,1.0,1.0,0,2096.0,65.0,3.0,Brazil,0.391
12,1948,IRL,0.0,0.0,1.0,1.0,0,5149.0,64.0,4.0,Ireland,0.072
12,1948,IRI,0.0,0.0,1.0,1.0,0,2662.7027027027,24.0,3.0,Islamic Republic of Iran,0.484
12,1948,PUR,0.0,0.0,1.0,1.0,0,3416.0,9.0,,Puerto Rico,0.386
13,1952,USA,40.0,19.0,17.0,76.0,0,16444.0,232.0,4.0,United States,0.18
13,1952,URS,22.0,30.0,19.0,71.0,0,,242.0,,Soviet Union,0.178
13,1952,HUN,16.0,10.0,16.0,42.0,0,4403.0,149.0,4.0,Hungary,0.23
13,1952,SWE,12.0,13.0,10.0,35.0,0,11152.0,175.0,4.0,Sweden,0.023
13,1952,ITA,8.0,9.0,4.0,21.0,0,6371.0,163.0,4.0,Italy,0.057
13,1952,TCH,7.0,3.0,3.0,13.0,0,5735.0,84.0,,Czechoslovakia,0.34
13,1952,FRA,6.0,6.0,6.0,18.0,0,8869.0,196.0,4.0,France,0.084
13,1952,FIN,6.0,3.0,13.0,22.0,1,7450.0,228.0,4.0,Finland,0.032
13,1952,AUS,6.0,2.0,3.0,11.0,0,11824.0,73.0,4.0,Australia,0.063
13,1952,NOR,3.0,2.0,0.0,5.0,0,9267.0,82.0,4.0,Norway,0.012
13,1952,SUI,2.0,6.0,6.0,14.0,0,12016.308232061,122.0,4.0,Switzerland,0.018
13,1952,RSA,2.0,4.0,4.0,10.0,0,4175.0,55.0,3.0,South Africa,0.401
13,1952,JAM,2.0,3.0,0.0,5.0,0,2397.0,9.0,3.0,Jamaica,0.35
13,1952,BEL,2.0,2.0,0.0,4.0,0,9035.0,88.0,4.0,Belgium,0.044
13,1952,DEN,2.0,1.0,3.0,6.0,0,11086.0,94.0,4.0,Denmark,0.009
13,1952,TUR,2.0,0.0,1.0,3.0,0,,33.0,4.0,Türkiye,0.259
13,1952,JPN,1.0,6.0,2.0,9.0,0,3724.0,70.0,4.0,Japan,0.078
13,1952,GBR,1.0,2.0,8.0,11.0,0,11303.0,214.0,4.0,Great Britain,0.094
13,1952,ARG,1.0,2.0,2.0,5.0,0,7519.0,97.0,4.0,Argentina,0.292
13,1952,POL,1.0,2.0,1.0,4.0,0,4018.0,118.0,4.0,Poland,0.105
13,1952,CAN,1.0,2.0,0.0,3.0,0,12486.0,90.0,4.0,Canada,0.069
13,1952,YUG,1.0,2.0,0.0,3.0,0,2125.0,68.0,,Yugoslavia,0.224
13,1952,ROU,1.0,1.0,2.0,4.0,0,2124.85637527654,104.0,4.0,Romania,0.23
13,1952,BRA,1.0,0.0,2.0,3.0,0,2377.0,67.0,3.0,Brazil,0.391
13,1952,NZL,1.0,0.0,2.0,3.0,0,12427.0,11.0,4.0,New Zealand,0.082
13,1952,IND,1.0,0.0,1.0,2.0,0,1003.0,40.0,2.0,India,0.437
13,1952,LUX,1.0,0.0,0.0,1.0,0,13162.0,39.0,4.0,Luxembourg,0.043
13,1952,GER,0.0,7.0,17.0,24.0,0,7257.0,178.0,4.0,Germany,0.071
13,1952,NED,0.0,5.0,0.0,5.0,0,9698.0,74.0,4.0,Netherlands,0.025
13,1952,IRI,0.0,3.0,4.0,7.0,0,2597.0,25.0,3.0,Islamic Republic of Iran,0.484
13,1952,CHI,0.0,2.0,0.0,2.0,0,6252.0,44.0,4.0,Chile,0.19
13,1952,AUT,0.0,1.0,1.0,2.0,0,6323.0,101.0,4.0,Austria,0.048
13,1952,LBN,0.0,1.0,1.0,2.0,0,5327.0,9.0,3.0,Lebanon,0.365
13,1952,IRL,0.0,1.0,0.0,1.0,0,5805.0,45.0,4.0,Ireland,0.072
13,1952,MEX,0.0,1.0,0.0,1.0,0,3706.0,54.0,3.0,Mexico,0.352
13,1952,ESP,0.0,1.0,0.0,1.0,0,4099.39922657874,29.0,4.0,Spain,0.059
13,1952,KOR,0.0,0.0,2.0,2.0,0,,20.0,4.0,Republic of Korea,0.062
13,1952,TTO,0.0,0.0,2.0,2.0,0,6282.0,2.0,4.0,Trinidad and Tobago,0.264
13,1952,URU,0.0,0.0,2.0,2.0,0,7353.0,21.0,4.0,Uruguay,0.24
13,1952,BUL,0.0,0.0,1.0,1.0,0,3017.0,45.0,3.0,Bulgaria,0.206
13,1952,EGY,0.0,0.0,1.0,1.0,0,1435.0,77.0,3.0,Egypt,0.389
13,1952,POR,0.0,0.0,1.0,1.0,0,3445.0,67.0,4.0,Portugal,0.076
13,1952,VEN,0.0,0.0,1.0,1.0,0,9309.0,42.0,2.0,Venezuela,0.521
14,1956,URS,37.0,29.0,32.0,98.0,0,,217.0,,Soviet Union,0.178
14,1956,USA,32.0,25.0,17.0,74.0,0,17397.0,229.0,4.0,United States,0.18
14,1956,AUS,13.0,8.0,14.0,35.0,1,12924.0,224.0,4.0,Australia,0.063
14,1956,HUN,9.0,10.0,7.0,26.0,0,4632.0,96.0,4.0,Hungary,0.23
14,1956,ITA,8.0,6.0,8.0,22.0,0,7745.0,93.0,4.0,Italy,0.057
14,1956,GBR,5.0,7.0,9.0,21.0,0,12639.0,147.0,4.0,Great Britain,0.094
14,1956,SWE,5.0,5.0,6.0,16.0,0,12428.0,83.0,4.0,Sweden,0.023
14,1956,ROU,5.0,3.0,5.0,13.0,0,2587.60262286402,38.0,4.0,Romania,0.23
14,1956,GER,4.0,10.0,6.0,20.0,0,9846.0,115.0,4.0,Germany,0.071
14,1956,JPN,4.0,10.0,5.0,19.0,0,4699.0,89.0,4.0,Japan,0.078
14,1956,FRA,4.0,4.0,6.0,14.0,0,10278.0,112.0,4.0,France,0.084
14,1956,TUR,3.0,2.0,2.0,7.0,0,,13.0,4.0,Türkiye,0.259
14,1956,FIN,3.0,1.0,11.0,15.0,0,8440.0,60.0,4.0,Finland,0.032
14,1956,IRI,2.0,2.0,1.0,5.0,0,2541.0,17.0,3.0,Islamic Republic of Iran,0.484
14,1956,CAN,2.0,1.0,2.0,5.0,0,13791.0,69.0,4.0,Canada,0.069
14,1956,NZL,2.0,0.0,0.0,2.0,0,14346.0,28.0,4.0,New Zealand,0.082
14,1956,POL,1.0,4.0,4.0,9.0,0,4565.0,61.0,4.0,Poland,0.105
14,1956,TCH,1.0,4.0,1.0,6.0,0,6551.0,61.0,,Czechoslovakia,0.34
14,1956,BUL,1.0,3.0,1.0,5.0,0,3392.0,21.0,3.0,Bulgaria,0.206
14,1956,IRL,1.0,1.0,3.0,5.0,0,6212.0,13.0,4.0,Ireland,0.072
14,1956,DEN,1.0,1.0,1.0,3.0,0,11858.0,23.0,4.0,Denmark,0.009
14,1956,NOR,1.0,0.0,2.0,3.0,0,10480.0,14.0,4.0,Norway,0.012
14,1956,MEX,1.0,0.0,1.0,2.0,0,4213.0,26.0,3.0,Mexico,0.352
14,1956,BRA,1.0,0.0,0.0,1.0,0,2672.0,30.0,3.0,Brazil,0.391
14,1956,IND,1.0,0.0,0.0,1.0,0,1117.0,27.0,2.0,India,0.437
14,1956,YUG,0.0,3.0,0.0,3.0,0,2560.0,15.0,,Yugoslavia,0.224
14,1956,CHI,0.0,2.0,2.0,4.0,0,6285.0,22.0,4.0,Chile,0.19
14,1956,BEL,0.0,2.0,0.0,2.0,0,10237.0,40.0,4.0,Belgium,0.044
14,1956,ARG,0.0,1.0,1.0,2.0,0,8424.0,25.0,4.0,Argentina,0.292
14,1956,KOR,0.0,1.0,1.0,2.0,0,,26.0,4.0,Republic of Korea,0.062
14,1956,ISL,0.0,1.0,0.0,1.0,0,10323.0,2.0,4.0,Iceland,0.039
14,1956,PAK,0.0,1.0,0.0,1.0,0,1017.0,47.0,1.0,Pakistan,0.522
14,1956,RSA,0.0,0.0,4.0,4.0,0,4645.0,52.0,3.0,South Africa,0.401
14,1956,AUT,0.0,0.0,2.0,2.0,0,8603.0,28.0,4.0,Austria,0.048
14,1956,GRE,0.0,0.0,1.0,1.0,0,4313.0,12.0,4.0,Greece,0.12
14,1956,BAH,0.0,0.0,1.0,1.0,0,,3.0,4.0,The Bahamas,0.333
14,1956,URU,0.0,0.0,1.0,1.0,0,8225.0,11.0,4.0,Uruguay,0.24
15,1960,URS,43.0,29.0,31.0,103.0,0,,231.0,,Soviet Union,0.178
15,1960,USA,34.0,21.0,16.0,71.0,0,18057.0,231.0,4.0,United States,0.18
15,1960,ITA,13.0,10.0,13.0,36.0,1,9430.0,188.0,4.0,Italy,0.057
15,1960,GER,12.0,19.0,11.0,42.0,0,12282.0,238.0,4.0,Germany,0.071
15,1960,AUS,8.0,8.0,6.0,22.0,0,14013.0,139.0,4.0,Australia,0.063
15,1960,TUR,7.0,2.0,0.0,9.0,0,,38.0,4.0,Türkiye,0.259
15,1960,HUN,6.0,8.0,7.0,21.0,0,5816.0,143.0,4.0,Hungary,0.23
15,1960,JPN,4.0,7.0,7.0,18.0,0,6354.0,124.0,4.0,Japan,0.078
15,1960,POL,4.0,6.0,11.0,21.0,0,5125.0,148.0,4.0,Poland,0.105
15,1960,TCH,3.0,2.0,3.0,8.0,0,8142.0,83.0,,Czechoslovakia,0.34
15,1960,ROU,3.0,1.0,6.0,10.0,0,2938.8025721958,90.0,4.0,Romania,0.23
15,1960,GBR,2.0,6.0,12.0,20.0,0,13780.0,194.0,4.0,Great Britain,0.094
15,1960,DEN,2.0,3.0,1.0,6.0,0,14046.0,54.0,4.0,Denmark,0.009
15,1960,NZL,2.0,0.0,1.0,3.0,0,15087.0,23.0,4.0,New Zealand,0.082
15,1960,BUL,1.0,3.0,3.0,7.0,0,4642.0,80.0,3.0,Bulgaria,0.206
15,1960,SWE,1.0,2.0,3.0,6.0,0,13849.0,128.0,4.0,Sweden,0.023
15,1960,FIN,1.0,1.0,3.0,5.0,0,9931.0,107.0,4.0,Finland,0.032
15,1960,AUT,1.0,1.0,0.0,2.0,0,10391.0,97.0,4.0,Austria,0.048
15,1960,YUG,1.0,1.0,0.0,2.0,0,3778.0,72.0,,Yugoslavia,0.224
15,1960,PAK,1.0,0.0,1.0,2.0,0,1031.0,33.0,1.0,Pakistan,0.522
15,1960,ETH,1.0,0.0,0.0,1.0,0,701.0,11.0,1.0,Ethiopia,0.494
15,1960,GRE,1.0,0.0,0.0,1.0,0,5015.0,40.0,4.0,Greece,0.12
15,1960,NOR,1.0,0.0,0.0,1.0,0,11483.0,34.0,4.0,Norway,0.012
15,1960,SUI,0.0,3.0,3.0,6.0,0,16358.3594046842,114.0,4.0,Switzerland,0.018
15,1960,FRA,0.0,2.0,3.0,5.0,0,11792.0,162.0,4.0,France,0.084
15,1960,BEL,0.0,2.0,2.0,4.0,0,11081.0,71.0,4.0,Belgium,0.044
15,1960,IRI,0.0,1.0,3.0,4.0,0,3437.0,23.0,3.0,Islamic Republic of Iran,0.484
15,1960,NED,0.0,1.0,2.0,3.0,0,13209.0,71.0,4.0,Netherlands,0.025
15,1960,RSA,0.0,1.0,2.0,3.0,0,4847.0,42.0,3.0,South Africa,0.401
15,1960,ARG,0.0,1.0,1.0,2.0,0,8861.0,60.0,4.0,Argentina,0.292
15,1960,UAR,0.0,1.0,1.0,2.0,0,,41.0,,United Arab Republic,0.523
15,1960,CAN,0.0,1.0,0.0,1.0,0,13952.0,71.0,4.0,Canada,0.069
15,1960,TPE,0.0,1.0,0.0,1.0,0,1294.9342662795,16.0,,Chinese Taipei,0.34
15,1960,TPE,0.0,1.0,0.0,1.0,0,1294.9342662795,16.0,,Chinese Taipei,0.34
15,1960,GHA,0.0,1.0,0.0,1.0,0,2197.0,13.0,2.0,Ghana,0.512
15,1960,IND,0.0,1.0,0.0,1.0,0,1200.0,29.0,2.0,India,0.437
15,1960,MAR,0.0,1.0,0.0,1.0,0,2118.0,51.0,2.0,Morocco,0.44
15,1960,POR,0.0,1.0,0.0,1.0,0,4712.0,61.0,4.0,Portugal,0.076
15,1960,SGP,0.0,1.0,0.0,1.0,0,3464.0,3.0,4.0,Singapore,0.036
15,1960,BRA,0.0,0.0,2.0,2.0,0,3398.0,38.0,3.0,Brazil,0.391
15,1960,WIF,0.0,0.0,2.0,2.0,0,1294.9342662795,13.0,,West Indies Federation,0.386
15,1960,IRQ,0.0,0.0,1.0,1.0,0,4360.0,21.0,2.0,Iraq,0.562
15,1960,MEX,0.0,0.0,1.0,1.0,0,4723.0,62.0,3.0,Mexico,0.352
15,1960,ESP,0.0,0.0,1.0,1.0,0,5031.56658157244,105.0,4.0,Spain,0.059
15,1960,VEN,0.0,0.0,1.0,1.0,0,12116.0,36.0,2.0,Venezuela,0.521
16,1964,USA,36.0,26.0,28.0,90.0,0,20360.0,264.0,4.0,United States,0.18
16,1964,URS,30.0,31.0,35.0,96.0,0,,252.0,,Soviet Union,0.178
16,1964,JPN,16.0,5.0,8.0,29.0,1,9035.0,278.0,4.0,Japan,0.078
16,1964,GER,10.0,22.0,18.0,50.0,0,14062.0,271.0,4.0,Germany,0.071
16,1964,ITA,10.0,10.0,7.0,27.0,0,11934.0,122.0,4.0,Italy,0.057
16,1964,HUN,10.0,7.0,5.0,22.0,0,6994.0,141.0,4.0,Hungary,0.23
16,1964,POL,7.0,6.0,10.0,23.0,0,5773.0,113.0,4.0,Poland,0.105
16,1964,AUS,6.0,2.0,10.0,18.0,0,15699.0,186.0,4.0,Australia,0.063
16,1964,TCH,5.0,6.0,3.0,14.0,0,8563.0,63.0,,Czechoslovakia,0.34
16,1964,GBR,4.0,12.0,2.0,18.0,0,15251.0,183.0,4.0,Great Britain,0.094
16,1964,BUL,3.0,5.0,2.0,10.0,0,5829.0,56.0,3.0,Bulgaria,0.206
16,1964,FIN,3.0,0.0,2.0,5.0,0,11647.0,72.0,4.0,Finland,0.032
16,1964,NZL,3.0,0.0,2.0,5.0,0,16606.0,39.0,4.0,New Zealand,0.082
16,1964,ROU,2.0,4.0,6.0,12.0,0,3599.46696361023,98.0,4.0,Romania,0.23
16,1964,NED,2.0,4.0,4.0,10.0,0,15042.0,72.0,4.0,Netherlands,0.025
16,1964,TUR,2.0,3.0,1.0,6.0,0,,22.0,4.0,Türkiye,0.259
16,1964,SWE,2.0,2.0,4.0,8.0,0,16761.0,96.0,4.0,Sweden,0.023
16,1964,DEN,2.0,1.0,3.0,6.0,0,16832.0,42.0,4.0,Denmark,0.009
16,1964,YUG,2.0,1.0,2.0,5.0,0,4941.0,29.0,,Yugoslavia,0.224
16,1964,BEL,2.0,0.0,1.0,3.0,0,13295.0,34.0,4.0,Belgium,0.044
16,1964,FRA,1.0,8.0,6.0,15.0,0,14057.0,117.0,4.0,France,0.084
16,1964,CAN,1.0,2.0,1.0,4.0,0,15938.0,78.0,4.0,Canada,0.069
16,1964,SUI,1.0,2.0,1.0,4.0,0,19195.446462746,61.0,4.0,Switzerland,0.018
16,1964,ETH,1.0,0.0,0.0,1.0,0,840.0,13.0,1.0,Ethiopia,0.494
16,1964,IND,1.0,0.0,0.0,1.0,0,1309.0,38.0,2.0,India,0.437
16,1964,BAH,1.0,0.0,0.0,1.0,0,,6.0,4.0,The Bahamas,0.333
16,1964,KOR,0.0,2.0,1.0,3.0,0,,104.0,4.0,Republic of Korea,0.062
16,1964,TTO,0.0,1.0,2.0,3.0,0,10841.0,13.0,4.0,Trinidad and Tobago,0.264
16,1964,TUN,0.0,1.0,1.0,2.0,0,2533.0,10.0,3.0,Tunisia,0.237
16,1964,ARG,0.0,1.0,0.0,1.0,0,9446.0,82.0,4.0,Argentina,0.292
16,1964,CUB,0.0,1.0,0.0,1.0,0,3158.0,21.0,3.0,Cuba,0.3
16,1964,PAK,0.0,1.0,0.0,1.0,0,1208.0,25.0,1.0,Pakistan,0.522
16,1964,PHI,0.0,1.0,0.0,1.0,0,2550.0,43.0,3.0,Philippines,0.388
16,1964,IRI,0.0,0.0,2.0,2.0,0,4026.0,51.0,3.0,Islamic Republic of Iran,0.484
16,1964,BRA,0.0,0.0,1.0,1.0,0,3637.0,19.0,3.0,Brazil,0.391
16,1964,GHA,0.0,0.0,1.0,1.0,0,2254.0,21.0,2.0,Ghana,0.512
16,1964,IRL,0.0,0.0,1.0,1.0,0,7948.0,24.0,4.0,Ireland,0.072
16,1964,KEN,0.0,0.0,1.0,1.0,0,1208.0,22.0,2.0,Kenya,0.533
16,1964,MEX,0.0,0.0,1.0,1.0,0,5555.0,70.0,3.0,Mexico,0.352
16,1964,NGR,0.0,0.0,1.0,1.0,0,1451.0,15.0,1.0,Nigeria,0.677
16,1964,URU,0.0,0.0,1.0,1.0,0,7498.0,11.0,4.0,Uruguay,0.24
17,1968,USA,45.0,28.0,34.0,107.0,0,23691.0,293.0,4.0,United States,0.18
17,1968,URS,29.0,32.0,30.0,91.0,0,,250.0,,Soviet Union,0.178
17,1968,JPN,11.0,7.0,7.0,25.0,0,12725.0,122.0,4.0,Japan,0.078
17,1968,HUN,10.0,10.0,12.0,32.0,0,7865.0,144.0,4.0,Hungary,0.23
17,1968,GDR,9.0,9.0,7.0,25.0,0,,168.0,,East Germany,0.224
17,1968,FRA,7.0,3.0,5.0,15.0,0,16365.0,152.0,4.0,France,0.084
17,1968,TCH,7.0,2.0,4.0,13.0,0,9919.0,71.0,,Czechoslovakia,0.34
17,1968,FRG,5.0,11.0,10.0,26.0,0,,229.0,,West Germany,0.224
17,1968,AUS,5.0,7.0,5.0,17.0,0,17770.0,109.0,4.0,Australia,0.063
17,1968,GBR,5.0,5.0,3.0,13.0,0,16593.0,200.0,4.0,Great Britain,0.094
17,1968,POL,5.0,2.0,11.0,18.0,0,6881.0,144.0,4.0,Poland,0.105
17,1968,ROU,4.0,6.0,5.0,15.0,0,4366.12022001875,72.0,4.0,Romania,0.23
17,1968,ITA,3.0,4.0,9.0,16.0,0,14513.0,147.0,4.0,Italy,0.057
17,1968,KEN,3.0,4.0,2.0,9.0,0,1366.0,30.0,2.0,Kenya,0.533
17,1968,MEX,3.0,3.0,3.0,9.0,1,6432.0,191.0,3.0,Mexico,0.352
17,1968,YUG,3.0,3.0,2.0,8.0,0,5523.0,48.0,,Yugoslavia,0.224
17,1968,NED,3.0,3.0,1.0,7.0,0,17365.0,65.0,4.0,Netherlands,0.025
17,1968,BUL,2.0,4.0,3.0,9.0,0,6963.0,73.0,3.0,Bulgaria,0.206
17,1968,IRI,2.0,1.0,2.0,5.0,0,5659.0,14.0,3.0,Islamic Republic of Iran,0.484
17,1968,SWE,2.0,1.0,1.0,4.0,0,18428.0,99.0,4.0,Sweden,0.023
17,1968,TUR,2.0,0.0,0.0,2.0,0,,29.0,4.0,Türkiye,0.259
17,1968,DEN,1.0,4.0,3.0,8.0,0,18868.0,49.0,4.0,Denmark,0.009
17,1968,CAN,1.0,3.0,1.0,5.0,0,18297.0,132.0,4.0,Canada,0.069
17,1968,FIN,1.0,2.0,1.0,4.0,0,12900.0,66.0,4.0,Finland,0.032
17,1968,ETH,1.0,1.0,0.0,2.0,0,902.0,20.0,1.0,Ethiopia,0.494
17,1968,NOR,1.0,1.0,0.0,2.0,0,15224.0,39.0,4.0,Norway,0.012
17,1968,NZL,1.0,0.0,2.0,3.0,0,16809.0,28.0,4.0,New Zealand,0.082
17,1968,TUN,1.0,0.0,1.0,2.0,0,2766.0,7.0,3.0,Tunisia,0.237
17,1968,PAK,1.0,0.0,0.0,1.0,0,1361.0,3.0,1.0,Pakistan,0.522
17,1968,VEN,1.0,0.0,0.0,1.0,0,14520.0,23.0,2.0,Venezuela,0.521
17,1968,CUB,0.0,4.0,0.0,4.0,0,3229.0,98.0,3.0,Cuba,0.3
17,1968,AUT,0.0,2.0,2.0,4.0,0,13742.0,42.0,4.0,Austria,0.048
17,1968,SUI,0.0,1.0,4.0,5.0,0,21395.3863755189,77.0,4.0,Switzerland,0.018
17,1968,MGL,0.0,1.0,3.0,4.0,0,1154.0,16.0,3.0,Mongolia,0.297
17,1968,BRA,0.0,1.0,2.0,3.0,0,4050.0,33.0,3.0,Brazil,0.391
17,1968,BEL,0.0,1.0,1.0,2.0,0,15009.0,52.0,4.0,Belgium,0.044
17,1968,KOR,0.0,1.0,1.0,2.0,0,,35.0,4.0,Republic of Korea,0.062
17,1968,UGA,0.0,1.0,1.0,2.0,0,1304.0,11.0,2.0,Uganda,0.527
17,1968,CMR,0.0,1.0,0.0,1.0,0,1508.0,6.0,2.0,Cameroon,0.555
17,1968,JAM,0.0,1.0,0.0,1.0,0,5235.0,27.0,3.0,Jamaica,0.35
17,1968,ARG,0.0,0.0,2.0,2.0,0,10485.0,72.0,4.0,Argentina,0.292
17,1968,TPE,0.0,0.0,1.0,1.0,0,,43.0,,Chinese Taipei,0.34
17,1968,GRE,0.0,0.0,1.0,1.0,0,8394.0,33.0,4.0,Greece,0.12
17,1968,IND,0.0,0.0,1.0,1.0,0,1290.0,12.0,2.0,India,0.437
18,1972,URS,50.0,27.0,22.0,99.0,0,,265.0,,Soviet Union,0.178
18,1972,USA,33.0,31.0,30.0,94.0,0,25414.0,315.0,4.0,United States,0.18
18,1972,GDR,20.0,23.0,23.0,66.0,0,,227.0,,East Germany,0.224
18,1972,FRG,13.0,11.0,16.0,40.0,1,,299.0,,West Germany,0.224
18,1972,JPN,13.0,8.0,8.0,29.0,0,17110.0,136.0,4.0,Japan,0.078
18,1972,AUS,8.0,7.0,2.0,17.0,0,19772.0,116.0,4.0,Australia,0.063
18,1972,POL,7.0,5.0,9.0,21.0,0,7986.0,195.0,4.0,Poland,0.105
18,1972,HUN,6.0,13.0,16.0,35.0,0,8505.0,170.0,4.0,Hungary,0.23
18,1972,BUL,6.0,10.0,5.0,21.0,0,8145.0,112.0,3.0,Bulgaria,0.206
18,1972,ITA,5.0,3.0,10.0,18.0,0,16035.0,172.0,4.0,Italy,0.057
18,1972,SWE,4.0,6.0,6.0,16.0,0,20725.0,109.0,4.0,Sweden,0.023
18,1972,GBR,4.0,5.0,9.0,18.0,0,18002.0,255.0,4.0,Great Britain,0.094
18,1972,ROU,3.0,6.0,7.0,16.0,0,5413.41779052776,115.0,4.0,Romania,0.23
18,1972,CUB,3.0,1.0,4.0,8.0,0,3253.0,89.0,3.0,Cuba,0.3
18,1972,FIN,3.0,1.0,4.0,8.0,0,16654.0,91.0,4.0,Finland,0.032
18,1972,NED,3.0,1.0,1.0,5.0,0,20079.0,86.0,4.0,Netherlands,0.025
18,1972,FRA,2.0,4.0,7.0,13.0,0,19549.0,185.0,4.0,France,0.084
18,1972,TCH,2.0,4.0,2.0,8.0,0,10932.0,108.0,,Czechoslovakia,0.34
18,1972,KEN,2.0,3.0,4.0,9.0,0,1524.0,41.0,2.0,Kenya,0.533
18,1972,YUG,2.0,1.0,2.0,5.0,0,6948.0,76.0,,Yugoslavia,0.224
18,1972,NOR,2.0,1.0,1.0,4.0,0,17409.0,77.0,4.0,Norway,0.012
18,1972,PRK,1.0,1.0,3.0,5.0,0,2458.18770616255,25.0,,Democratic People's Republic of Korea,0.34
18,1972,PRK,1.0,1.0,3.0,5.0,0,2458.18770616255,25.0,,Democratic People's Republic of Korea,0.34
18,1972,NZL,1.0,1.0,1.0,3.0,0,18889.0,52.0,4.0,New Zealand,0.082
18,1972,UGA,1.0,1.0,0.0,2.0,0,1364.0,17.0,2.0,Uganda,0.527
18,1972,DEN,1.0,0.0,0.0,1.0,0,21579.0,79.0,4.0,Denmark,0.009
18,1972,SUI,0.0,3.0,0.0,3.0,0,25356.9109020439,136.0,4.0,Switzerland,0.018
18,1972,CAN,0.0,2.0,3.0,5.0,0,20837.0,189.0,4.0,Canada,0.069
18,1972,IRI,0.0,2.0,1.0,3.0,0,8247.0,32.0,3.0,Islamic Republic of Iran,0.484
18,1972,BEL,0.0,2.0,0.0,2.0,0,18336.0,60.0,4.0,Belgium,0.044
18,1972,GRE,0.0,2.0,0.0,2.0,0,11795.0,46.0,4.0,Greece,0.12
18,1972,AUT,0.0,1.0,2.0,3.0,0,17169.0,85.0,4.0,Austria,0.048
18,1972,COL,0.0,1.0,2.0,3.0,0,5348.0,44.0,3.0,Colombia,0.392
18,1972,ARG,0.0,1.0,0.0,1.0,0,12170.0,62.0,4.0,Argentina,0.292
18,1972,LBN,0.0,1.0,0.0,1.0,0,8228.0,22.0,3.0,Lebanon,0.365
18,1972,MEX,0.0,1.0,0.0,1.0,0,7256.0,131.0,3.0,Mexico,0.352
18,1972,MGL,0.0,1.0,0.0,1.0,0,1256.0,39.0,3.0,Mongolia,0.297
18,1972,PAK,0.0,1.0,0.0,1.0,0,1455.0,13.0,1.0,Pakistan,0.522
18,1972,KOR,0.0,1.0,0.0,1.0,0,,25.0,4.0,Republic of Korea,0.062
18,1972,TUN,0.0,1.0,0.0,1.0,0,3645.0,10.0,3.0,Tunisia,0.237
18,1972,TUR,0.0,1.0,0.0,1.0,0,,43.0,4.0,Türkiye,0.259
18,1972,BRA,0.0,0.0,2.0,2.0,0,5480.0,40.0,3.0,Brazil,0.391
18,1972,ETH,0.0,0.0,2.0,2.0,0,995.0,29.0,1.0,Ethiopia,0.494
18,1972,GHA,0.0,0.0,1.0,1.0,0,2235.0,20.0,2.0,Ghana,0.512
18,1972,IND,0.0,0.0,1.0,1.0,0,1329.0,29.0,2.0,India,0.437
18,1972,JAM,0.0,0.0,1.0,1.0,0,6150.0,30.0,3.0,Jamaica,0.35
18,1972,NIG,0.0,0.0,1.0,1.0,0,1282.0,4.0,1.0,Niger,0.609
18,1972,NGR,0.0,0.0,1.0,1.0,0,1908.0,22.0,1.0,Nigeria,0.677
18,1972,ESP,0.0,0.0,1.0,1.0,0,10787.6926659897,60.0,4.0,Spain,0.059
19,1976,URS,49.0,41.0,35.0,125.0,0,,272.0,,Soviet Union,0.178
19,1976,GDR,40.0,25.0,25.0,90.0,0,,185.0,,East Germany,0.224
19,1976,USA,34.0,35.0,25.0,94.0,0,27058.0,313.0,4.0,United States,0.18
19,1976,FRG,10.0,12.0,17.0,39.0,0,,212.0,,West Germany,0.224
19,1976,JPN,9.0,6.0,10.0,25.0,0,18600.0,142.0,4.0,Japan,0.078
19,1976,POL,7.0,6.0,13.0,26.0,0,9397.0,148.0,4.0,Poland,0.105
19,1976,BUL,6.0,9.0,7.0,22.0,0,9535.0,123.0,3.0,Bulgaria,0.206
19,1976,CUB,6.0,4.0,3.0,13.0,0,3786.0,95.0,3.0,Cuba,0.3
19,1976,ROU,4.0,9.0,14.0,27.0,0,6243.14631944519,103.0,4.0,Romania,0.23
19,1976,HUN,4.0,5.0,13.0,22.0,0,9231.0,134.0,4.0,Hungary,0.23
19,1976,FIN,4.0,2.0,0.0,6.0,0,18104.0,76.0,4.0,Finland,0.032
19,1976,SWE,4.0,1.0,0.0,5.0,0,22765.0,108.0,4.0,Sweden,0.023
19,1976,GBR,3.0,5.0,5.0,13.0,0,19311.0,212.0,4.0,Great Britain,0.094
19,1976,ITA,2.0,7.0,4.0,13.0,0,18147.0,161.0,4.0,Italy,0.057
19,1976,FRA,2.0,3.0,4.0,9.0,0,21465.0,162.0,4.0,France,0.084
19,1976,YUG,2.0,3.0,3.0,8.0,0,8207.0,50.0,,Yugoslavia,0.224
19,1976,TCH,2.0,2.0,4.0,8.0,0,11893.0,90.0,,Czechoslovakia,0.34
19,1976,NZL,2.0,1.0,1.0,4.0,0,20161.0,48.0,4.0,New Zealand,0.082
19,1976,KOR,1.0,1.0,4.0,6.0,0,,28.0,4.0,Republic of Korea,0.062
19,1976,SUI,1.0,1.0,2.0,4.0,0,24752.9073088838,45.0,4.0,Switzerland,0.018
19,1976,PRK,1.0,1.0,0.0,2.0,0,2457.66123300381,24.0,,Democratic People's Republic of Korea,0.34
19,1976,PRK,1.0,1.0,0.0,2.0,0,2457.66123300381,24.0,,Democratic People's Republic of Korea,0.34
19,1976,JAM,1.0,1.0,0.0,2.0,0,5681.0,23.0,3.0,Jamaica,0.35
19,1976,NOR,1.0,1.0,0.0,2.0,0,20610.0,48.0,4.0,Norway,0.012
19,1976,DEN,1.0,0.0,2.0,3.0,0,23059.0,41.0,4.0,Denmark,0.009
19,1976,MEX,1.0,0.0,1.0,2.0,0,8131.0,63.0,3.0,Mexico,0.352
19,1976,TTO,1.0,0.0,0.0,1.0,0,15696.0,12.0,4.0,Trinidad and Tobago,0.264
19,1976,CAN,0.0,5.0,6.0,11.0,1,23754.0,240.0,4.0,Canada,0.069
19,1976,BEL,0.0,3.0,3.0,6.0,0,20916.0,83.0,4.0,Belgium,0.044
19,1976,NED,0.0,2.0,3.0,5.0,0,22132.0,62.0,4.0,Netherlands,0.025
19,1976,POR,0.0,2.0,0.0,2.0,0,10861.0,20.0,4.0,Portugal,0.076
19,1976,ESP,0.0,2.0,0.0,2.0,0,13044.9859936766,71.0,4.0,Spain,0.059
19,1976,AUS,0.0,1.0,4.0,5.0,0,21613.0,131.0,4.0,Australia,0.063
19,1976,IRI,0.0,1.0,1.0,2.0,0,10665.0,63.0,3.0,Islamic Republic of Iran,0.484
19,1976,MGL,0.0,1.0,0.0,1.0,0,1401.0,32.0,3.0,Mongolia,0.297
19,1976,VEN,0.0,1.0,0.0,1.0,0,17174.0,35.0,2.0,Venezuela,0.521
19,1976,BRA,0.0,0.0,2.0,2.0,0,7079.0,45.0,3.0,Brazil,0.391
19,1976,AUT,0.0,0.0,1.0,1.0,0,19448.0,59.0,4.0,Austria,0.048
19,1976,BER,0.0,0.0,1.0,1.0,0,,15.0,,Bermuda,0.386
19,1976,PAK,0.0,0.0,1.0,1.0,0,1604.0,9.0,1.0,Pakistan,0.522
19,1976,PUR,0.0,0.0,1.0,1.0,0,11308.0,71.0,,Puerto Rico,0.386
19,1976,THA,0.0,0.0,1.0,1.0,0,3333.0,41.0,4.0,Thailand,0.31
20,1980,URS,80.0,69.0,46.0,195.0,1,,314.0,,Soviet Union,0.178
20,1980,GDR,47.0,37.0,42.0,126.0,0,20870.2599241113,241.0,,East Germany,0.224
20,1980,BUL,8.0,16.0,17.0,41.0,0,9634.0,192.0,3.0,Bulgaria,0.206
20,1980,CUB,8.0,7.0,5.0,20.0,0,4106.0,103.0,3.0,Cuba,0.3
20,1980,ITA,8.0,3.0,4.0,15.0,0,20959.0,113.0,4.0,Italy,0.057
20,1980,HUN,7.0,10.0,15.0,32.0,0,10052.0,184.0,4.0,Hungary,0.23
20,1980,ROU,6.0,6.0,13.0,25.0,0,6591.63651394997,155.0,4.0,Romania,0.23
20,1980,FRA,6.0,5.0,3.0,14.0,0,23537.0,109.0,4.0,France,0.084
20,1980,GBR,5.0,7.0,9.0,21.0,0,20612.0,187.0,4.0,Great Britain,0.094
20,1980,POL,3.0,14.0,15.0,32.0,0,9149.0,206.0,4.0,Poland,0.105
20,1980,SWE,3.0,3.0,6.0,12.0,0,23809.0,112.0,4.0,Sweden,0.023
20,1980,FIN,3.0,1.0,4.0,8.0,0,20640.0,91.0,4.0,Finland,0.032
20,1980,TCH,2.0,3.0,9.0,14.0,0,12723.0,125.0,,Czechoslovakia,0.34
20,1980,YUG,2.0,3.0,4.0,9.0,0,10037.0,72.0,,Yugoslavia,0.224
20,1980,AUS,2.0,2.0,5.0,9.0,0,22972.0,86.0,4.0,Australia,0.063
20,1980,DEN,2.0,1.0,2.0,5.0,0,24272.0,33.0,4.0,Denmark,0.009
20,1980,BRA,2.0,0.0,2.0,4.0,0,8249.0,66.0,3.0,Brazil,0.391
20,1980,ETH,2.0,0.0,2.0,4.0,0,1033.0,38.0,1.0,Ethiopia,0.494
20,1980,SUI,2.0,0.0,0.0,2.0,0,27405.7302362483,44.0,4.0,Switzerland,0.018
20,1980,ESP,1.0,3.0,2.0,6.0,0,14005.9345954545,80.0,4.0,Spain,0.059
20,1980,AUT,1.0,2.0,1.0,4.0,0,21932.0,61.0,4.0,Austria,0.048
20,1980,GRE,1.0,0.0,2.0,3.0,0,14300.0,28.0,4.0,Greece,0.12
20,1980,BEL,1.0,0.0,0.0,1.0,0,23060.0,54.0,4.0,Belgium,0.044
20,1980,IND,1.0,0.0,0.0,1.0,0,1495.0,34.0,2.0,India,0.437
20,1980,ZIM,1.0,0.0,0.0,1.0,0,2064.0,28.0,2.0,Zimbabwe,0.519
20,1980,PRK,0.0,3.0,2.0,5.0,0,2457.13475984508,49.0,,Democratic People's Republic of Korea,0.34
20,1980,PRK,0.0,3.0,2.0,5.0,0,2457.13475984508,49.0,,Democratic People's Republic of Korea,0.34
20,1980,MGL,0.0,2.0,2.0,4.0,0,1618.0,43.0,3.0,Mongolia,0.297
20,1980,TAN,0.0,2.0,0.0,2.0,0,958.0,26.0,1.0,United Republic of Tanzania,0.513
20,1980,MEX,0.0,1.0,3.0,4.0,0,9929.0,48.0,3.0,Mexico,0.352
20,1980,NED,0.0,1.0,2.0,3.0,0,23438.0,56.0,4.0,Netherlands,0.025
20,1980,IRL,0.0,1.0,1.0,2.0,0,13614.0,40.0,4.0,Ireland,0.072
20,1980,UGA,0.0,1.0,0.0,1.0,0,912.0,13.0,2.0,Uganda,0.527
20,1980,VEN,0.0,1.0,0.0,1.0,0,16270.0,22.0,2.0,Venezuela,0.521
20,1980,JAM,0.0,0.0,3.0,3.0,0,4975.0,19.0,3.0,Jamaica,0.35
20,1980,GUY,0.0,0.0,1.0,1.0,0,8611.50698743431,8.0,3.0,Guyana,0.416
20,1980,LBN,0.0,0.0,1.0,1.0,0,4608.0,15.0,3.0,Lebanon,0.365
21,1984,USA,83.0,61.0,30.0,174.0,1,32076.0,363.0,4.0,United States,0.18
21,1984,ROU,20.0,16.0,17.0,53.0,0,6659.45404351326,85.0,4.0,Romania,0.23
21,1984,FRG,17.0,19.0,23.0,59.0,0,,258.0,,West Germany,0.224
21,1984,CHN,15.0,8.0,9.0,32.0,0,2444.0,143.0,3.0,People's Republic of China,0.186
21,1984,CHN,15.0,8.0,9.0,32.0,0,2444.0,143.0,3.0,People's Republic of China,0.186
21,1984,ITA,14.0,6.0,12.0,32.0,0,21868.0,197.0,4.0,Italy,0.057
21,1984,CAN,10.0,18.0,16.0,44.0,0,26836.0,270.0,4.0,Canada,0.069
21,1984,JPN,10.0,8.0,14.0,32.0,0,23548.0,186.0,4.0,Japan,0.078
21,1984,NZL,8.0,1.0,2.0,11.0,0,21783.0,82.0,4.0,New Zealand,0.082
21,1984,YUG,7.0,4.0,7.0,18.0,0,10029.0,62.0,,Yugoslavia,0.224
21,1984,KOR,6.0,6.0,7.0,19.0,0,,119.0,4.0,Republic of Korea,0.062
21,1984,GBR,5.0,11.0,21.0,37.0,0,21869.0,286.0,4.0,Great Britain,0.094
21,1984,FRA,5.0,7.0,16.0,28.0,0,24519.0,189.0,4.0,France,0.084
21,1984,NED,5.0,2.0,6.0,13.0,0,23750.0,85.0,4.0,Netherlands,0.025
21,1984,AUS,4.0,8.0,12.0,24.0,0,24009.0,165.0,4.0,Australia,0.063
21,1984,FIN,4.0,2.0,6.0,12.0,0,22486.0,88.0,4.0,Finland,0.032
21,1984,SWE,2.0,11.0,6.0,19.0,0,25357.0,153.0,4.0,Sweden,0.023
21,1984,MEX,2.0,3.0,1.0,6.0,0,9777.0,102.0,3.0,Mexico,0.352
21,1984,MAR,2.0,0.0,0.0,2.0,0,3657.0,21.0,2.0,Morocco,0.44
21,1984,BRA,1.0,5.0,2.0,8.0,0,7438.0,78.0,3.0,Brazil,0.391
21,1984,ESP,1.0,2.0,2.0,5.0,0,14313.3266483274,124.0,4.0,Spain,0.059
21,1984,BEL,1.0,1.0,2.0,4.0,0,23644.0,63.0,4.0,Belgium,0.044
21,1984,AUT,1.0,1.0,1.0,3.0,0,23016.0,85.0,4.0,Austria,0.048
21,1984,KEN,1.0,0.0,2.0,3.0,0,1594.0,45.0,2.0,Kenya,0.533
21,1984,POR,1.0,0.0,2.0,3.0,0,12894.0,38.0,4.0,Portugal,0.076
21,1984,PAK,1.0,0.0,0.0,1.0,0,2106.0,13.0,1.0,Pakistan,0.522
21,1984,SUI,0.0,4.0,4.0,8.0,0,28315.0825944092,114.0,4.0,Switzerland,0.018
21,1984,DEN,0.0,3.0,3.0,6.0,0,26581.0,39.0,4.0,Denmark,0.009
21,1984,JAM,0.0,1.0,2.0,3.0,0,5059.0,45.0,3.0,Jamaica,0.35
21,1984,NOR,0.0,1.0,2.0,3.0,0,26321.0,76.0,4.0,Norway,0.012
21,1984,GRE,0.0,1.0,1.0,2.0,0,14453.0,50.0,4.0,Greece,0.12
21,1984,NGR,0.0,1.0,1.0,2.0,0,1527.0,29.0,1.0,Nigeria,0.677
21,1984,PUR,0.0,1.0,1.0,2.0,0,13201.0,47.0,,Puerto Rico,0.386
21,1984,COL,0.0,1.0,0.0,1.0,0,6741.0,39.0,3.0,Colombia,0.392
21,1984,CIV,0.0,1.0,0.0,1.0,0,2703.0,14.0,1.0,Côte d'Ivoire,0.612
21,1984,EGY,0.0,1.0,0.0,1.0,0,3810.0,82.0,3.0,Egypt,0.389
21,1984,IRL,0.0,1.0,0.0,1.0,0,14435.0,43.0,4.0,Ireland,0.072
21,1984,PER,0.0,1.0,0.0,1.0,0,5859.0,26.0,3.0,Peru,0.36
21,1984,SYR,0.0,1.0,0.0,1.0,0,9792.0,9.0,2.0,Syrian Arab Republic,0.487
21,1984,THA,0.0,1.0,0.0,1.0,0,4720.0,34.0,4.0,Thailand,0.31
21,1984,TUR,0.0,0.0,3.0,3.0,0,,47.0,4.0,Türkiye,0.259
21,1984,VEN,0.0,0.0,3.0,3.0,0,13597.0,28.0,2.0,Venezuela,0.521
21,1984,ALG,0.0,0.0,2.0,2.0,0,5361.0,19.0,3.0,Algeria,0.46
21,1984,CMR,0.0,0.0,1.0,1.0,0,2450.0,33.0,2.0,Cameroon,0.555
21,1984,TPE,0.0,0.0,1.0,1.0,0,,39.0,,Chinese Taipei,0.34
21,1984,DOM,0.0,0.0,1.0,1.0,0,3830.0,21.0,,Dominican Republic,
21,1984,ISL,0.0,0.0,1.0,1.0,0,25357.0,15.0,4.0,Iceland,0.039
21,1984,ZAM,0.0,0.0,1.0,1.0,0,1269.0,16.0,2.0,Zambia,0.526
22,1988,URS,55.0,31.0,46.0,132.0,0,,317.0,,Soviet Union,0.178
22,1988,GDR,37.0,35.0,30.0,102.0,0,,192.0,,East Germany,0.224
22,1988,USA,36.0,31.0,27.0,94.0,0,35863.0,387.0,4.0,United States,0.18
22,1988,KOR,12.0,10.0,11.0,33.0,1,,289.0,4.0,Republic of Korea,0.062
22,1988,FRG,11.0,14.0,15.0,40.0,0,,267.0,,West Germany,0.224
22,1988,HUN,11.0,6.0,6.0,23.0,0,11207.0,155.0,4.0,Hungary,0.23
22,1988,BUL,10.0,12.0,13.0,35.0,0,10098.0,122.0,3.0,Bulgaria,0.206
22,1988,ROU,7.0,11.0,6.0,24.0,0,6511.95610906519,53.0,4.0,Romania,0.23
22,1988,FRA,6.0,4.0,6.0,16.0,0,26763.0,237.0,4.0,France,0.084
22,1988,ITA,6.0,4.0,4.0,14.0,0,24743.0,187.0,4.0,Italy,0.057
22,1988,CHN,5.0,11.0,12.0,28.0,0,3045.0,213.0,3.0,People's Republic of China,0.186
22,1988,CHN,5.0,11.0,12.0,28.0,0,3045.0,213.0,3.0,People's Republic of China,0.186
22,1988,GBR,5.0,10.0,9.0,24.0,0,25679.0,289.0,4.0,Great Britain,0.094
22,1988,KEN,5.0,2.0,2.0,9.0,0,1741.0,60.0,2.0,Kenya,0.533
22,1988,JPN,4.0,3.0,7.0,14.0,0,27393.0,222.0,4.0,Japan,0.078
22,1988,AUS,3.0,6.0,5.0,14.0,0,26702.0,170.0,4.0,Australia,0.063
22,1988,YUG,3.0,4.0,5.0,12.0,0,9884.0,75.0,,Yugoslavia,0.224
22,1988,TCH,3.0,3.0,2.0,8.0,0,13882.0,112.0,,Czechoslovakia,0.34
22,1988,NZL,3.0,2.0,8.0,13.0,0,22022.0,70.0,4.0,New Zealand,0.082
22,1988,CAN,3.0,2.0,5.0,10.0,0,30275.0,267.0,4.0,Canada,0.069
22,1988,POL,2.0,5.0,9.0,16.0,0,9228.0,133.0,4.0,Poland,0.105
22,1988,NOR,2.0,3.0,0.0,5.0,0,28786.0,45.0,4.0,Norway,0.012
22,1988,NED,2.0,2.0,5.0,9.0,0,25574.0,109.0,4.0,Netherlands,0.025
22,1988,DEN,2.0,1.0,1.0,4.0,0,29049.0,85.0,4.0,Denmark,0.009
22,1988,BRA,1.0,2.0,3.0,6.0,0,8230.0,109.0,3.0,Brazil,0.391
22,1988,FIN,1.0,1.0,2.0,4.0,0,25644.0,80.0,4.0,Finland,0.032
22,1988,ESP,1.0,1.0,2.0,4.0,0,17275.5075523348,171.0,4.0,Spain,0.059
22,1988,TUR,1.0,1.0,0.0,2.0,0,,51.0,4.0,Türkiye,0.259
22,1988,MAR,1.0,0.0,2.0,3.0,0,4077.0,28.0,2.0,Morocco,0.44
22,1988,AUT,1.0,0.0,0.0,1.0,0,25112.0,79.0,4.0,Austria,0.048
22,1988,POR,1.0,0.0,0.0,1.0,0,15729.0,62.0,4.0,Portugal,0.076
22,1988,SUR,1.0,0.0,0.0,1.0,0,,6.0,2.0,Suriname,0.405
22,1988,SWE,0.0,4.0,7.0,11.0,0,27468.0,138.0,4.0,Sweden,0.023
22,1988,SUI,0.0,2.0,2.0,4.0,0,32482.9076702734,94.0,4.0,Switzerland,0.018
22,1988,JAM,0.0,2.0,0.0,2.0,0,5397.0,30.0,3.0,Jamaica,0.35
22,1988,ARG,0.0,1.0,1.0,2.0,0,11244.0,52.0,4.0,Argentina,0.292
22,1988,CHI,0.0,1.0,0.0,1.0,0,9199.0,16.0,4.0,Chile,0.19
22,1988,CRC,0.0,1.0,0.0,1.0,0,7270.0,18.0,4.0,Costa Rica,0.232
22,1988,INA,0.0,1.0,0.0,1.0,0,3500.0,31.0,3.0,Indonesia,0.439
22,1988,IRI,0.0,1.0,0.0,1.0,0,5249.0,26.0,3.0,Islamic Republic of Iran,0.484
22,1988,AHO,0.0,1.0,0.0,1.0,0,,3.0,,Netherlands Antilles,0.386
22,1988,PER,0.0,1.0,0.0,1.0,0,6003.0,10.0,3.0,Peru,0.36
22,1988,SEN,0.0,1.0,0.0,1.0,0,2085.0,23.0,1.0,Senegal,0.505
22,1988,ISV,0.0,1.0,0.0,1.0,0,,27.0,,United States Virgin Islands,0.386
22,1988,BEL,0.0,0.0,2.0,2.0,0,25905.0,58.0,4.0,Belgium,0.044
22,1988,MEX,0.0,0.0,2.0,2.0,0,9193.0,92.0,3.0,Mexico,0.352
22,1988,COL,0.0,0.0,1.0,1.0,0,7442.0,38.0,3.0,Colombia,0.392
22,1988,DJI,0.0,0.0,1.0,1.0,0,2652.0,6.0,1.0,Djibouti,0.565
22,1988,GRE,0.0,0.0,1.0,1.0,0,15596.0,35.0,4.0,Greece,0.12
22,1988,MGL,0.0,0.0,1.0,1.0,0,2227.0,29.0,3.0,Mongolia,0.297
22,1988,PAK,0.0,0.0,1.0,1.0,0,2442.0,14.0,1.0,Pakistan,0.522
22,1988,PHI,0.0,0.0,1.0,1.0,0,3355.0,34.0,3.0,Philippines,0.388
22,1988,THA,0.0,0.0,1.0,1.0,0,6089.0,12.0,4.0,Thailand,0.31
23,1992,EUN,45.0,38.0,29.0,112.0,0,,340.0,,Unified Team,0.178
23,1992,USA,37.0,34.0,37.0,108.0,0,37240.2990340352,403.0,4.0,United States,0.18
23,1992,GER,33.0,21.0,28.0,82.0,0,27385.0555597794,338.0,4.0,Germany,0.071
23,1992,CHN,16.0,22.0,16.0,54.0,0,3227.74414154146,193.0,3.0,People's Republic of China,0.186
23,1992,CHN,16.0,22.0,16.0,54.0,0,3227.74414154146,193.0,3.0,People's Republic of China,0.186
23,1992,CUB,14.0,6.0,11.0,31.0,0,3399.9647245106,108.0,3.0,Cuba,0.3
23,1992,ESP,13.0,7.0,2.0,22.0,1,20329.1677408367,261.0,4.0,Spain,0.059
23,1992,KOR,12.0,5.0,12.0,29.0,0,,161.0,4.0,Republic of Korea,0.062
23,1992,HUN,11.0,12.0,7.0,30.0,0,9153.92082439348,187.0,4.0,Hungary,0.23
23,1992,FRA,8.0,5.0,16.0,29.0,0,28619.8040529638,276.0,4.0,France,0.084
23,1992,AUS,7.0,9.0,11.0,27.0,0,27560.1782773384,186.0,4.0,Australia,0.063
23,1992,CAN,7.0,4.0,7.0,18.0,0,29141.1923292858,253.0,4.0,Canada,0.069
23,1992,ITA,6.0,5.0,8.0,19.0,0,26960.6108434833,215.0,4.0,Italy,0.057
23,1992,GBR,5.0,3.0,12.0,20.0,0,25790.1846879957,294.0,4.0,Great Britain,0.094
23,1992,ROU,4.0,6.0,8.0,18.0,0,4818.30439775258,133.0,4.0,Romania,0.23
23,1992,TCH,4.0,2.0,1.0,7.0,0,11742.929170063,133.0,,Czechoslovakia,0.34
23,1992,PRK,4.0,0.0,5.0,9.0,0,2120.54612462779,66.0,,Democratic People's Republic of Korea,0.34
23,1992,PRK,4.0,0.0,5.0,9.0,0,2120.54612462779,66.0,,Democratic People's Republic of Korea,0.34
23,1992,JPN,3.0,8.0,11.0,22.0,0,30977.8144904312,207.0,4.0,Japan,0.078
23,1992,BUL,3.0,7.0,6.0,16.0,0,7846.11595075794,129.0,3.0,Bulgaria,0.206
23,1992,POL,3.0,6.0,10.0,19.0,0,7873.92490222084,169.0,4.0,Poland,0.105
23,1992,NED,2.0,6.0,7.0,15.0,0,28555.7318435624,127.0,4.0,Netherlands,0.025
23,1992,KEN,2.0,4.0,2.0,8.0,0,1724.8744312691,49.0,2.0,Kenya,0.533
23,1992,NOR,2.0,4.0,1.0,7.0,0,33041.2054394645,57.0,4.0,Norway,0.012
23,1992,TUR,2.0,2.0,2.0,6.0,0,,49.0,4.0,Türkiye,0.259
23,1992,INA,2.0,2.0,1.0,5.0,0,4536.40989932572,41.0,3.0,Indonesia,0.439
23,1992,BRA,2.0,1.0,0.0,3.0,0,7812.79425539626,120.0,3.0,Brazil,0.391
23,1992,GRE,2.0,0.0,0.0,2.0,0,16545.9637660561,55.0,4.0,Greece,0.12
23,1992,SWE,1.0,7.0,4.0,12.0,0,27198.52871669,145.0,4.0,Sweden,0.023
23,1992,NZL,1.0,4.0,5.0,10.0,0,21093.0613402617,92.0,4.0,New Zealand,0.082
23,1992,FIN,1.0,2.0,2.0,5.0,0,24219.7606253107,86.0,4.0,Finland,0.032
23,1992,DEN,1.0,1.0,4.0,6.0,0,30573.5733215054,77.0,4.0,Denmark,0.009
23,1992,MAR,1.0,1.0,1.0,3.0,0,4194.44690978948,31.0,2.0,Morocco,0.44
23,1992,IRL,1.0,1.0,0.0,2.0,0,20032.7186903767,57.0,4.0,Ireland,0.072
23,1992,ETH,1.0,0.0,2.0,3.0,0,708.369350268148,19.0,1.0,Ethiopia,0.494
23,1992,ALG,1.0,0.0,1.0,2.0,0,4850.22333074477,27.0,3.0,Algeria,0.46
23,1992,EST,1.0,0.0,1.0,2.0,0,13214.387635358,33.0,4.0,Estonia,0.093
23,1992,LTU,1.0,0.0,1.0,2.0,0,10240.9392301755,32.0,4.0,Lithuania,0.098
23,1992,SUI,1.0,0.0,0.0,1.0,0,34356.8020946259,98.0,4.0,Switzerland,0.018
23,1992,JAM,0.0,3.0,1.0,4.0,0,6292.02885816339,33.0,3.0,Jamaica,0.35
23,1992,NGR,0.0,3.0,1.0,4.0,0,1793.94013667409,41.0,1.0,Nigeria,0.677
23,1992,LAT,0.0,2.0,1.0,3.0,0,9411.19496932769,35.0,4.0,Latvia,0.142
23,1992,AUT,0.0,2.0,0.0,2.0,0,28072.4403464979,80.0,4.0,Austria,0.048
23,1992,NAM,0.0,2.0,0.0,2.0,0,5532.67248715834,6.0,2.0,Namibia,0.45
23,1992,RSA,0.0,2.0,0.0,2.0,0,5901.98447170031,85.0,3.0,South Africa,0.401
23,1992,BEL,0.0,1.0,2.0,3.0,0,28199.5737762424,65.0,4.0,Belgium,0.044
23,1992,CRO,0.0,1.0,2.0,3.0,0,9331.89265228301,24.0,4.0,Croatia,0.087
23,1992,IOA,0.0,1.0,2.0,3.0,0,,59.0,,Independent Olympic Athletes,
23,1992,IRI,0.0,1.0,2.0,3.0,0,7036.31509003198,41.0,3.0,Islamic Republic of Iran,0.484
23,1992,ISR,0.0,1.0,1.0,2.0,0,21531.5961416535,28.0,4.0,Israel,0.092
23,1992,TPE,0.0,1.0,0.0,1.0,0,,19.0,,Chinese Taipei,0.34
23,1992,MEX,0.0,1.0,0.0,1.0,0,10262.2106803239,97.0,3.0,Mexico,0.352
23,1992,PER,0.0,1.0,0.0,1.0,0,4698.48304766501,16.0,3.0,Peru,0.36
23,1992,MGL,0.0,0.0,2.0,2.0,0,1841.01246368828,33.0,3.0,Mongolia,0.297
23,1992,SLO,0.0,0.0,2.0,2.0,0,15462.7101618003,28.0,4.0,Slovenia,0.049
23,1992,ARG,0.0,0.0,1.0,1.0,0,12267.0835867812,65.0,4.0,Argentina,0.292
23,1992,COL,0.0,0.0,1.0,1.0,0,7888.10549029318,31.0,3.0,Colombia,0.392
23,1992,GHA,0.0,0.0,1.0,1.0,0,1771.60038628535,18.0,2.0,Ghana,0.512
23,1992,MAS,0.0,0.0,1.0,1.0,0,9383.9321554432,10.0,4.0,Malaysia,0.202
23,1992,PAK,0.0,0.0,1.0,1.0,0,2732.38162109905,11.0,1.0,Pakistan,0.522
23,1992,PHI,0.0,0.0,1.0,1.0,0,3399.24261795966,29.0,3.0,Philippines,0.388
23,1992,PUR,0.0,0.0,1.0,1.0,0,18290.7323120593,47.0,,Puerto Rico,0.386
23,1992,QAT,0.0,0.0,1.0,1.0,0,15042.1231591104,10.0,4.0,Qatar,0.212
23,1992,SUR,0.0,0.0,1.0,1.0,0,,6.0,2.0,Suriname,0.405
23,1992,THA,0.0,0.0,1.0,1.0,0,8409.0209422082,39.0,4.0,Thailand,0.31
23,1992,BAH,0.0,0.0,1.0,1.0,0,,13.0,4.0,The Bahamas,0.333
24,1996,USA,44.0,32.0,25.0,101.0,1,40412.7510313364,406.0,4.0,United States,0.18
24,1996,RUS,26.0,21.0,16.0,63.0,0,8479.38077559598,300.0,4.0,Russian Federation,0.178
24,1996,GER,20.0,18.0,27.0,65.0,0,29349.9828354558,320.0,4.0,Germany,0.071
24,1996,CHN,16.0,22.0,12.0,50.0,0,4219.64417241615,200.0,3.0,People's Republic of China,0.186
24,1996,CHN,16.0,22.0,12.0,50.0,0,4219.64417241615,200.0,3.0,People's Republic of China,0.186
24,1996,FRA,15.0,7.0,15.0,37.0,0,29736.6447786553,235.0,4.0,France,0.084
24,1996,ITA,13.0,10.0,12.0,35.0,0,29231.2756037388,226.0,4.0,Italy,0.057
24,1996,AUS,9.0,9.0,23.0,41.0,0,31740.4697474047,264.0,4.0,Australia,0.063
24,1996,CUB,9.0,8.0,8.0,25.0,0,3249.63531743577,104.0,3.0,Cuba,0.3
24,1996,UKR,9.0,2.0,12.0,23.0,0,4636.62630920416,177.0,3.0,Ukraine,0.188
24,1996,KOR,7.0,15.0,5.0,27.0,0,,181.0,4.0,Republic of Korea,0.062
24,1996,POL,7.0,5.0,5.0,17.0,0,10066.1710335318,138.0,4.0,Poland,0.105
24,1996,HUN,7.0,4.0,10.0,21.0,0,10359.1814112874,163.0,4.0,Hungary,0.23
24,1996,ESP,5.0,6.0,6.0,17.0,0,22185.0667599764,198.0,4.0,Spain,0.059
24,1996,ROU,4.0,7.0,9.0,20.0,0,6476.47447539912,136.0,4.0,Romania,0.23
24,1996,NED,4.0,5.0,10.0,19.0,0,31811.7391778462,110.0,4.0,Netherlands,0.025
24,1996,GRE,4.0,4.0,0.0,8.0,0,17719.5573803883,93.0,4.0,Greece,0.12
24,1996,CZE,4.0,3.0,4.0,11.0,0,15386.3206677175,109.0,4.0,Czechia,0.113
24,1996,SUI,4.0,3.0,0.0,7.0,0,36720.4904727663,95.0,4.0,Switzerland,0.018
24,1996,DEN,4.0,1.0,1.0,6.0,0,34325.4425056305,67.0,4.0,Denmark,0.009
24,1996,TUR,4.0,1.0,1.0,6.0,0,,53.0,4.0,Türkiye,0.259
24,1996,CAN,3.0,11.0,8.0,22.0,0,31594.2418094349,229.0,4.0,Canada,0.069
24,1996,BUL,3.0,7.0,5.0,15.0,0,7901.12362510364,93.0,3.0,Bulgaria,0.206
24,1996,JPN,3.0,6.0,5.0,14.0,0,32784.1581859793,199.0,4.0,Japan,0.078
24,1996,KAZ,3.0,4.0,4.0,11.0,0,7826.85765120067,99.0,4.0,Kazakhstan,0.177
24,1996,BRA,3.0,3.0,9.0,15.0,0,9124.5160690394,115.0,3.0,Brazil,0.391
24,1996,NZL,3.0,2.0,1.0,6.0,0,24321.2480093897,80.0,4.0,New Zealand,0.082
24,1996,RSA,3.0,1.0,1.0,5.0,0,6725.79093583259,66.0,3.0,South Africa,0.401
24,1996,IRL,3.0,0.0,1.0,4.0,0,26562.9089844149,68.0,4.0,Ireland,0.072
24,1996,SWE,2.0,4.0,2.0,8.0,0,29012.1047002605,130.0,4.0,Sweden,0.023
24,1996,NOR,2.0,2.0,3.0,7.0,0,43133.1434703702,54.0,4.0,Norway,0.012
24,1996,BEL,2.0,2.0,2.0,6.0,0,29820.2994882708,61.0,4.0,Belgium,0.044
24,1996,NGR,2.0,1.0,3.0,6.0,0,1924.08840384563,53.0,1.0,Nigeria,0.677
24,1996,PRK,2.0,1.0,2.0,5.0,0,1733.09950574924,25.0,,Democratic People's Republic of Korea,0.34
24,1996,PRK,2.0,1.0,2.0,5.0,0,1733.09950574924,25.0,,Democratic People's Republic of Korea,0.34
24,1996,ALG,2.0,0.0,1.0,3.0,0,5451.63444208551,31.0,3.0,Algeria,0.46
24,1996,ETH,2.0,0.0,1.0,3.0,0,782.994147163961,18.0,1.0,Ethiopia,0.494
24,1996,GBR,1.0,8.0,6.0,15.0,0,28472.2482390673,223.0,4.0,Great Britain,0.094
24,1996,BLR,1.0,6.0,8.0,15.0,0,7128.35465388673,142.0,4.0,Belarus,0.096
24,1996,KEN,1.0,4.0,3.0,8.0,0,1851.28138215243,50.0,2.0,Kenya,0.533
24,1996,JAM,1.0,3.0,2.0,6.0,0,6648.93315693184,44.0,3.0,Jamaica,0.35
24,1996,FIN,1.0,2.0,1.0,4.0,0,26637.265654374,75.0,4.0,Finland,0.032
24,1996,INA,1.0,1.0,2.0,4.0,0,5851.29554395515,28.0,3.0,Indonesia,0.439
24,1996,SCG,1.0,1.0,2.0,4.0,0,,35.0,,Serbia and Montenegro,0.224
24,1996,IRI,1.0,1.0,1.0,3.0,0,7746.4090150839,18.0,3.0,Islamic Republic of Iran,0.484
24,1996,SVK,1.0,1.0,1.0,3.0,0,12622.9095750226,67.0,4.0,Slovakia,0.184
24,1996,ARM,1.0,1.0,0.0,2.0,0,4811.48954701875,32.0,3.0,Armenia,0.198
24,1996,CRO,1.0,1.0,0.0,2.0,0,11030.0793094036,45.0,4.0,Croatia,0.087
24,1996,POR,1.0,0.0,1.0,2.0,0,19939.3112914324,82.0,4.0,Portugal,0.076
24,1996,THA,1.0,0.0,1.0,2.0,0,10458.3586098259,28.0,4.0,Thailand,0.31
24,1996,BDI,1.0,0.0,0.0,1.0,0,824.511593429085,7.0,1.0,Burundi,0.499
24,1996,CRC,1.0,0.0,0.0,1.0,0,8446.78124456268,11.0,4.0,Costa Rica,0.232
24,1996,ECU,1.0,0.0,0.0,1.0,0,6993.64384585655,19.0,3.0,Ecuador,0.371
24,1996,HKG,1.0,0.0,0.0,1.0,0,32261.8036724871,21.0,4.0,"Hong Kong, China",0.34
24,1996,SYR,1.0,0.0,0.0,1.0,0,9517.3721795319,7.0,2.0,Syrian Arab Republic,0.487
24,1996,ARG,0.0,2.0,1.0,3.0,0,13715.2268187077,94.0,4.0,Argentina,0.292
24,1996,NAM,0.0,2.0,0.0,2.0,0,5687.11666368584,8.0,2.0,Namibia,0.45
24,1996,SLO,0.0,2.0,0.0,2.0,0,18376.2462010584,32.0,4.0,Slovenia,0.049
24,1996,AUT,0.0,1.0,2.0,3.0,0,30413.1566935755,64.0,4.0,Austria,0.048
24,1996,MAS,0.0,1.0,1.0,2.0,0,12668.6683263801,19.0,4.0,Malaysia,0.202
24,1996,MDA,0.0,1.0,1.0,2.0,0,3305.49665221579,40.0,3.0,Republic of Moldova,0.156
24,1996,UZB,0.0,1.0,1.0,2.0,0,4452.88187365317,67.0,3.0,Uzbekistan,0.242
24,1996,AZE,0.0,1.0,0.0,1.0,0,3074.21973457034,23.0,3.0,Azerbaijan,0.329
24,1996,TPE,0.0,1.0,0.0,1.0,0,,62.0,,Chinese Taipei,0.34
24,1996,LAT,0.0,1.0,0.0,1.0,0,8947.26813728627,46.0,4.0,Latvia,0.142
24,1996,PHI,0.0,1.0,0.0,1.0,0,3790.77878882303,12.0,3.0,Philippines,0.388
24,1996,BAH,0.0,1.0,0.0,1.0,0,,23.0,4.0,The Bahamas,0.333
24,1996,TGA,0.0,1.0,0.0,1.0,0,,5.0,3.0,Tonga,0.462
24,1996,ZAM,0.0,1.0,0.0,1.0,0,1260.72619206876,8.0,2.0,Zambia,0.526
24,1996,GEO,0.0,0.0,2.0,2.0,0,4030.88466295627,33.0,4.0,Georgia,0.283
24,1996,MAR,0.0,0.0,2.0,2.0,0,4603.65195843106,34.0,2.0,Morocco,0.44
24,1996,TTO,0.0,0.0,2.0,2.0,0,15004.2643265349,12.0,4.0,Trinidad and Tobago,0.264
24,1996,IND,0.0,0.0,1.0,1.0,0,2475.56805896638,32.0,2.0,India,0.437
24,1996,ISR,0.0,0.0,1.0,1.0,0,23979.9952749834,25.0,4.0,Israel,0.092
24,1996,LTU,0.0,0.0,1.0,1.0,0,8793.70079785355,50.0,4.0,Lithuania,0.098
24,1996,MEX,0.0,0.0,1.0,1.0,0,10386.4991208587,77.0,3.0,Mexico,0.352
24,1996,MGL,0.0,0.0,1.0,1.0,0,2271.798711275,16.0,3.0,Mongolia,0.297
24,1996,MOZ,0.0,0.0,1.0,1.0,0,1325.5953686561,4.0,1.0,Mozambique,0.477
24,1996,PUR,0.0,0.0,1.0,1.0,0,21856.0174362912,43.0,,Puerto Rico,0.386
24,1996,TUN,0.0,0.0,1.0,1.0,0,6388.39398445291,24.0,3.0,Tunisia,0.237
24,1996,UGA,0.0,0.0,1.0,1.0,0,1091.52752640033,11.0,2.0,Uganda,0.527
25,2000,USA,37.0,24.0,32.0,93.0,0,45886.470498289,396.0,4.0,United States,0.18
25,2000,RUS,32.0,28.0,29.0,89.0,0,10552.8846095804,323.0,4.0,Russian Federation,0.178
25,2000,CHN,28.0,16.0,14.0,58.0,0,4730.3543512023,198.0,3.0,People's Republic of China,0.186
25,2000,CHN,28.0,16.0,14.0,58.0,0,4730.3543512023,198.0,3.0,People's Republic of China,0.186
25,2000,AUS,16.0,25.0,17.0,58.0,1,36603.0449959447,364.0,4.0,Australia,0.063
25,2000,GER,13.0,17.0,26.0,56.0,0,33367.2838090657,310.0,4.0,Germany,0.071
25,2000,FRA,13.0,14.0,11.0,38.0,0,33409.6814829309,251.0,4.0,France,0.084
25,2000,ITA,13.0,8.0,13.0,34.0,0,32716.9800507895,217.0,4.0,Italy,0.057
25,2000,NED,12.0,9.0,4.0,25.0,0,37899.9503776595,115.0,4.0,Netherlands,0.025
25,2000,CUB,11.0,11.0,7.0,29.0,0,4009.3398762914,145.0,3.0,Cuba,0.3
25,2000,GBR,11.0,10.0,7.0,28.0,0,31946.0363394414,237.0,4.0,Great Britain,0.094
25,2000,ROU,11.0,6.0,9.0,26.0,0,7089.94612573642,113.0,4.0,Romania,0.23
25,2000,KOR,8.0,10.0,10.0,28.0,0,,149.0,4.0,Republic of Korea,0.062
25,2000,HUN,8.0,6.0,3.0,17.0,0,13129.2731078331,148.0,4.0,Hungary,0.23
25,2000,POL,6.0,5.0,3.0,14.0,0,12732.1667641745,142.0,4.0,Poland,0.105
25,2000,JPN,5.0,8.0,5.0,18.0,0,33210.8078159904,190.0,4.0,Japan,0.078
25,2000,BUL,5.0,6.0,2.0,13.0,0,8410.7949775813,85.0,3.0,Bulgaria,0.206
25,2000,GRE,4.0,6.0,3.0,13.0,0,20965.3318066981,118.0,4.0,Greece,0.12
25,2000,SWE,4.0,5.0,3.0,12.0,0,34202.6042369012,113.0,4.0,Sweden,0.023
25,2000,NOR,4.0,3.0,3.0,10.0,0,54039.9607277985,54.0,4.0,Norway,0.012
25,2000,ETH,4.0,1.0,3.0,8.0,0,771.731486070366,27.0,1.0,Ethiopia,0.494
25,2000,UKR,3.0,10.0,10.0,23.0,0,5165.80815372985,224.0,3.0,Ukraine,0.188
25,2000,KAZ,3.0,4.0,0.0,7.0,0,9309.4194651858,107.0,4.0,Kazakhstan,0.177
25,2000,BLR,3.0,3.0,11.0,17.0,0,9110.97946126182,126.0,4.0,Belarus,0.096
25,2000,CAN,3.0,3.0,8.0,14.0,0,36942.5622942857,204.0,4.0,Canada,0.069
25,2000,ESP,3.0,3.0,5.0,11.0,0,26994.8601202917,206.0,4.0,Spain,0.059
25,2000,TUR,3.0,0.0,2.0,5.0,0,,60.0,4.0,Türkiye,0.259
25,2000,IRI,3.0,0.0,1.0,4.0,0,9104.76299117977,35.0,3.0,Islamic Republic of Iran,0.484
25,2000,CZE,2.0,3.0,3.0,8.0,0,17056.1595018642,96.0,4.0,Czechia,0.113
25,2000,KEN,2.0,3.0,2.0,7.0,0,1914.8863918102,44.0,2.0,Kenya,0.533
25,2000,DEN,2.0,3.0,1.0,6.0,0,39021.1775521356,61.0,4.0,Denmark,0.009
25,2000,FIN,2.0,1.0,1.0,4.0,0,32689.7688915662,67.0,4.0,Finland,0.032
25,2000,AUT,2.0,1.0,0.0,3.0,0,34796.259482554,72.0,4.0,Austria,0.048
25,2000,LTU,2.0,0.0,3.0,5.0,0,10806.8738960776,48.0,4.0,Lithuania,0.098
25,2000,AZE,2.0,0.0,1.0,3.0,0,4214.88886074828,31.0,3.0,Azerbaijan,0.329
25,2000,BAH,2.0,0.0,1.0,3.0,0,10132.7495637861,22.0,4.0,The Bahamas,0.333
25,2000,SLO,2.0,0.0,0.0,2.0,0,21501.3367278983,46.0,4.0,Slovenia,0.049
25,2000,SUI,1.0,6.0,2.0,9.0,0,43251.1037536027,95.0,4.0,Switzerland,0.018
25,2000,INA,1.0,3.0,2.0,6.0,0,5384.38666045488,36.0,3.0,Indonesia,0.439
25,2000,SVK,1.0,3.0,1.0,5.0,0,13904.9853726498,66.0,4.0,Slovakia,0.184
25,2000,MEX,1.0,2.0,3.0,6.0,0,12613.3960519094,77.0,3.0,Mexico,0.352
25,2000,NGR,1.0,2.0,0.0,3.0,0,2144.82540433565,49.0,1.0,Nigeria,0.677
25,2000,ALG,1.0,1.0,3.0,5.0,0,6834.55387976764,46.0,3.0,Algeria,0.46
25,2000,UZB,1.0,1.0,2.0,4.0,0,4667.25991024069,63.0,3.0,Uzbekistan,0.242
25,2000,LAT,1.0,1.0,1.0,3.0,0,11309.7403901285,45.0,4.0,Latvia,0.142
25,2000,SCG,1.0,1.0,1.0,3.0,0,32593.1653680629,47.0,,Serbia and Montenegro,0.224
25,2000,NZL,1.0,0.0,3.0,4.0,0,26823.0174593025,84.0,4.0,New Zealand,0.082
25,2000,EST,1.0,0.0,2.0,3.0,0,16806.9746197181,31.0,4.0,Estonia,0.093
25,2000,THA,1.0,0.0,2.0,3.0,0,9627.10431781556,43.0,4.0,Thailand,0.31
25,2000,CRO,1.0,0.0,1.0,2.0,0,13244.540749737,54.0,4.0,Croatia,0.087
25,2000,CMR,1.0,0.0,0.0,1.0,0,1961.08786225271,14.0,2.0,Cameroon,0.555
25,2000,COL,1.0,0.0,0.0,1.0,0,8496.79186144236,41.0,3.0,Colombia,0.392
25,2000,MOZ,1.0,0.0,0.0,1.0,0,1196.01487944941,5.0,1.0,Mozambique,0.477
25,2000,BRA,0.0,6.0,6.0,12.0,0,9834.4244366632,104.0,3.0,Brazil,0.391
25,2000,JAM,0.0,6.0,3.0,9.0,0,6531.28475813797,43.0,3.0,Jamaica,0.35
25,2000,BEL,0.0,2.0,3.0,5.0,0,33719.7698385542,67.0,4.0,Belgium,0.044
25,2000,RSA,0.0,2.0,3.0,5.0,0,7582.77814341639,73.0,3.0,South Africa,0.401
25,2000,ARG,0.0,2.0,2.0,4.0,0,14368.9427373623,91.0,4.0,Argentina,0.292
25,2000,TPE,0.0,1.0,4.0,5.0,0,3427.39932526445,54.0,,Chinese Taipei,0.34
25,2000,TPE,0.0,1.0,4.0,5.0,0,3427.39932526445,54.0,,Chinese Taipei,0.34
25,2000,MAR,0.0,1.0,4.0,5.0,0,4753.63825365122,39.0,2.0,Morocco,0.44
25,2000,PRK,0.0,1.0,3.0,4.0,0,1657.14443577225,30.0,,Democratic People's Republic of Korea,0.34
25,2000,PRK,0.0,1.0,3.0,4.0,0,1657.14443577225,30.0,,Democratic People's Republic of Korea,0.34
25,2000,KSA,0.0,1.0,1.0,2.0,0,23904.515387401,17.0,4.0,Kingdom of Saudi Arabia,0.229
25,2000,MDA,0.0,1.0,1.0,2.0,0,2989.53479831132,34.0,3.0,Republic of Moldova,0.156
25,2000,TTO,0.0,1.0,1.0,2.0,0,19179.918727575,17.0,4.0,Trinidad and Tobago,0.264
25,2000,IRL,0.0,1.0,0.0,1.0,0,38806.5013574153,51.0,4.0,Ireland,0.072
25,2000,SRI,0.0,1.0,0.0,1.0,0,5841.0941387742,14.0,3.0,Sri Lanka,0.376
25,2000,URU,0.0,1.0,0.0,1.0,0,13050.0639035873,15.0,4.0,Uruguay,0.24
25,2000,VIE,0.0,1.0,0.0,1.0,0,2773.10163510792,7.0,3.0,Vietnam,0.378
25,2000,GEO,0.0,0.0,6.0,6.0,0,4891.66405370768,37.0,4.0,Georgia,0.283
25,2000,CRC,0.0,0.0,2.0,2.0,0,9319.76618884734,7.0,4.0,Costa Rica,0.232
25,2000,POR,0.0,0.0,2.0,2.0,0,23372.0401422301,56.0,4.0,Portugal,0.076
25,2000,ARM,0.0,0.0,1.0,1.0,0,5139.82550006292,25.0,3.0,Armenia,0.198
25,2000,BAR,0.0,0.0,1.0,1.0,0,12600.0225899117,17.0,4.0,Barbados,0.289
25,2000,CHI,0.0,0.0,1.0,1.0,0,15211.6232956044,31.0,4.0,Chile,0.19
25,2000,ISL,0.0,0.0,1.0,1.0,0,33108.2909910372,18.0,4.0,Iceland,0.039
25,2000,IND,0.0,0.0,1.0,1.0,0,2753.08550705882,39.0,2.0,India,0.437
25,2000,ISR,0.0,0.0,1.0,1.0,0,26058.8405870726,35.0,4.0,Israel,0.092
25,2000,KUW,0.0,0.0,1.0,1.0,0,35844.7475240851,12.0,4.0,Kuwait,0.199
25,2000,KGZ,0.0,0.0,1.0,1.0,0,3246.38306906804,50.0,3.0,Kyrgyzstan,0.345
25,2000,MKD,0.0,0.0,1.0,1.0,0,8083.78972481525,10.0,3.0,North Macedonia,0.134
25,2000,QAT,0.0,0.0,1.0,1.0,0,45788.122704193,16.0,4.0,Qatar,0.212
26,2004,USA,36.0,39.0,26.0,101.0,0,48492.7171226118,377.0,4.0,United States,0.18
26,2004,CHN,32.0,17.0,14.0,63.0,0,6067.59116137029,261.0,3.0,People's Republic of China,0.186
26,2004,CHN,32.0,17.0,14.0,63.0,0,6067.59116137029,261.0,3.0,People's Republic of China,0.186
26,2004,RUS,28.0,26.0,36.0,90.0,0,14880.9787045091,344.0,4.0,Russian Federation,0.178
26,2004,AUS,17.0,16.0,17.0,50.0,0,40887.725336397,268.0,4.0,Australia,0.063
26,2004,JPN,16.0,9.0,12.0,37.0,0,34313.5568847059,194.0,4.0,Japan,0.078
26,2004,GER,13.0,16.0,20.0,49.0,0,35528.713472379,308.0,4.0,Germany,0.071
26,2004,FRA,11.0,9.0,13.0,33.0,0,35093.8241349767,247.0,4.0,France,0.084
26,2004,ITA,10.0,11.0,11.0,32.0,0,34472.1275698319,215.0,4.0,Italy,0.057
26,2004,KOR,9.0,12.0,9.0,30.0,0,,165.0,4.0,Republic of Korea,0.062
26,2004,GBR,9.0,9.0,12.0,30.0,0,34865.7826780862,210.0,4.0,Great Britain,0.094
26,2004,CUB,9.0,7.0,11.0,27.0,0,4561.01672175189,109.0,3.0,Cuba,0.3
26,2004,HUN,8.0,6.0,3.0,17.0,0,16999.0055142185,151.0,4.0,Hungary,0.23
26,2004,UKR,8.0,5.0,9.0,22.0,0,8049.39537703245,204.0,3.0,Ukraine,0.188
26,2004,ROU,8.0,5.0,6.0,19.0,0,10531.1718022169,96.0,4.0,Romania,0.23
26,2004,GRE,6.0,6.0,4.0,16.0,1,25780.3850930784,238.0,4.0,Greece,0.12
26,2004,BRA,5.0,2.0,3.0,10.0,0,10949.6601198874,149.0,3.0,Brazil,0.391
26,2004,NOR,5.0,0.0,1.0,6.0,0,64824.1444301464,39.0,4.0,Norway,0.012
26,2004,NED,4.0,9.0,9.0,22.0,0,39682.3761124684,110.0,4.0,Netherlands,0.025
26,2004,SWE,4.0,2.0,1.0,7.0,0,38016.0634678384,94.0,4.0,Sweden,0.023
26,2004,ESP,3.0,11.0,6.0,20.0,0,30088.0926352499,196.0,4.0,Spain,0.059
26,2004,CAN,3.0,6.0,3.0,12.0,0,39491.5700305462,177.0,4.0,Canada,0.069
26,2004,TUR,3.0,3.0,4.0,10.0,0,,65.0,4.0,Türkiye,0.259
26,2004,POL,3.0,2.0,5.0,10.0,0,14906.0942167897,149.0,4.0,Poland,0.105
26,2004,NZL,3.0,2.0,0.0,5.0,0,29806.7352654402,86.0,4.0,New Zealand,0.082
26,2004,THA,3.0,1.0,4.0,8.0,0,11408.3257048843,40.0,4.0,Thailand,0.31
26,2004,BLR,2.0,5.0,6.0,13.0,0,11615.6855851322,130.0,4.0,Belarus,0.096
26,2004,AUT,2.0,4.0,1.0,7.0,0,36957.1122496145,67.0,4.0,Austria,0.048
26,2004,ETH,2.0,3.0,2.0,7.0,0,771.465196083397,26.0,1.0,Ethiopia,0.494
26,2004,IRI,2.0,2.0,2.0,6.0,0,12404.3236607682,37.0,3.0,Islamic Republic of Iran,0.484
26,2004,SVK,2.0,2.0,2.0,6.0,0,16570.8618948388,57.0,4.0,Slovakia,0.184
26,2004,TPE,2.0,2.0,1.0,5.0,0,,53.0,,Chinese Taipei,0.34
26,2004,GEO,2.0,2.0,0.0,4.0,0,6342.70816986243,33.0,4.0,Georgia,0.283
26,2004,BUL,2.0,1.0,9.0,12.0,0,10853.7851534274,85.0,3.0,Bulgaria,0.206
26,2004,DEN,2.0,1.0,5.0,8.0,0,41178.562625218,61.0,4.0,Denmark,0.009
26,2004,JAM,2.0,1.0,2.0,5.0,0,7004.98453646445,43.0,3.0,Jamaica,0.35
26,2004,UZB,2.0,1.0,2.0,5.0,0,5068.20862801946,68.0,3.0,Uzbekistan,0.242
26,2004,MAR,2.0,1.0,0.0,3.0,0,5584.15384967664,42.0,2.0,Morocco,0.44
26,2004,ARG,2.0,0.0,4.0,6.0,0,14183.225137777,80.0,4.0,Argentina,0.292
26,2004,CHI,2.0,0.0,1.0,3.0,0,16478.9727867052,23.0,4.0,Chile,0.19
26,2004,KAZ,1.0,4.0,3.0,8.0,0,13929.7297570139,92.0,4.0,Kazakhstan,0.177
26,2004,KEN,1.0,4.0,2.0,7.0,0,2066.21019811963,35.0,2.0,Kenya,0.533
26,2004,CZE,1.0,3.0,5.0,9.0,0,20555.0355651635,115.0,4.0,Czechia,0.113
26,2004,RSA,1.0,3.0,2.0,6.0,0,8877.92099152592,73.0,3.0,South Africa,0.401
26,2004,CRO,1.0,2.0,2.0,5.0,0,16628.574443674,52.0,4.0,Croatia,0.087
26,2004,LTU,1.0,2.0,0.0,3.0,0,14995.7669761907,45.0,4.0,Lithuania,0.098
26,2004,EGY,1.0,1.0,3.0,5.0,0,7661.85985868625,55.0,3.0,Egypt,0.389
26,2004,SUI,1.0,1.0,3.0,5.0,0,47263.5967262545,87.0,4.0,Switzerland,0.018
26,2004,INA,1.0,1.0,2.0,4.0,0,6180.90997114531,29.0,3.0,Indonesia,0.439
26,2004,ZIM,1.0,1.0,1.0,3.0,0,1604.50302473472,11.0,2.0,Zimbabwe,0.519
26,2004,AZE,1.0,0.0,4.0,5.0,0,5971.47460310057,37.0,3.0,Azerbaijan,0.329
26,2004,BEL,1.0,0.0,2.0,3.0,0,35740.3524626094,49.0,4.0,Belgium,0.044
26,2004,ISR,1.0,0.0,1.0,2.0,0,25210.8787561371,32.0,4.0,Israel,0.092
26,2004,BAH,1.0,0.0,1.0,2.0,0,,17.0,4.0,The Bahamas,0.333
26,2004,CMR,1.0,0.0,0.0,1.0,0,2198.23602014264,17.0,2.0,Cameroon,0.555
26,2004,DOM,1.0,0.0,0.0,1.0,0,7441.44762923987,22.0,,Dominican Republic,
26,2004,UAE,1.0,0.0,0.0,1.0,0,64925.6714203607,4.0,4.0,United Arab Emirates,0.035
26,2004,PRK,0.0,4.0,1.0,5.0,0,1753.69193369254,38.0,,Democratic People's Republic of Korea,0.34
26,2004,PRK,0.0,4.0,1.0,5.0,0,1753.69193369254,38.0,,Democratic People's Republic of Korea,0.34
26,2004,LAT,0.0,4.0,0.0,4.0,0,15371.1813266083,32.0,4.0,Latvia,0.142
26,2004,MEX,0.0,3.0,1.0,4.0,0,13287.5999017971,78.0,3.0,Mexico,0.352
26,2004,POR,0.0,2.0,1.0,3.0,0,24142.7665709259,60.0,4.0,Portugal,0.076
26,2004,FIN,0.0,2.0,0.0,2.0,0,35888.6131934003,53.0,4.0,Finland,0.032
26,2004,SCG,0.0,2.0,0.0,2.0,0,,33.0,,Serbia and Montenegro,0.224
26,2004,SLO,0.0,1.0,3.0,4.0,0,24150.5840374106,58.0,4.0,Slovenia,0.049
26,2004,EST,0.0,1.0,2.0,3.0,0,20803.7575925869,38.0,4.0,Estonia,0.093
26,2004,HKG,0.0,1.0,0.0,1.0,0,36052.99121829,30.0,4.0,"Hong Kong, China",0.34
26,2004,IND,0.0,1.0,0.0,1.0,0,3212.51103363416,54.0,2.0,India,0.437
26,2004,PAR,0.0,1.0,0.0,1.0,0,5876.6602742802,6.0,3.0,Paraguay,0.429
26,2004,COL,0.0,0.0,2.0,2.0,0,9211.27911250038,52.0,3.0,Colombia,0.392
26,2004,NGR,0.0,0.0,2.0,2.0,0,3136.62742586954,35.0,1.0,Nigeria,0.677
26,2004,VEN,0.0,0.0,2.0,2.0,0,13713.0452363689,48.0,2.0,Venezuela,0.521
26,2004,ERI,0.0,0.0,1.0,1.0,0,5559.47008346137,4.0,1.0,Eritrea,0.565
26,2004,MGL,0.0,0.0,1.0,1.0,0,4334.23138375912,20.0,3.0,Mongolia,0.297
26,2004,SYR,0.0,0.0,1.0,1.0,0,7051.42847759348,6.0,2.0,Syrian Arab Republic,0.487
26,2004,TTO,0.0,0.0,1.0,1.0,0,25403.2691213553,17.0,4.0,Trinidad and Tobago,0.264
53,2008,CHN,48.0,22.0,30.0,100.0,1,8190.11209450594,351.0,3.0,People's Republic of China,0.186
53,2008,CHN,48.0,22.0,30.0,100.0,1,8190.11209450594,351.0,3.0,People's Republic of China,0.186
53,2008,USA,36.0,39.0,37.0,112.0,0,50275.7463371433,389.0,4.0,United States,0.18
53,2008,RUS,24.0,13.0,23.0,60.0,0,21563.4619154372,357.0,4.0,Russian Federation,0.178
53,2008,GBR,19.0,13.0,19.0,51.0,0,36264.7905577883,238.0,4.0,Great Britain,0.094
53,2008,GER,16.0,11.0,14.0,41.0,0,40715.4341729467,260.0,4.0,Germany,0.071
53,2008,AUS,14.0,15.0,17.0,46.0,0,44421.6404707281,268.0,4.0,Australia,0.063
53,2008,KOR,13.0,11.0,8.0,32.0,0,,161.0,4.0,Republic of Korea,0.062
53,2008,JPN,9.0,8.0,8.0,25.0,0,35496.22745171,216.0,4.0,Japan,0.078
53,2008,ITA,8.0,9.0,10.0,27.0,0,35942.9393461282,242.0,4.0,Italy,0.057
53,2008,FRA,7.0,16.0,20.0,43.0,0,36761.7920646086,257.0,4.0,France,0.084
53,2008,NED,7.0,5.0,4.0,16.0,0,44840.7113700653,110.0,4.0,Netherlands,0.025
53,2008,UKR,7.0,4.0,11.0,22.0,0,10824.07646107,233.0,3.0,Ukraine,0.188
53,2008,KEN,6.0,4.0,6.0,16.0,0,2357.23254112996,46.0,2.0,Kenya,0.533
53,2008,ESP,5.0,11.0,3.0,19.0,0,32844.326112024,186.0,4.0,Spain,0.059
53,2008,JAM,5.0,4.0,2.0,11.0,0,7353.10712687864,46.0,3.0,Jamaica,0.35
53,2008,POL,4.0,5.0,2.0,11.0,0,19011.5460919055,193.0,4.0,Poland,0.105
53,2008,ETH,4.0,2.0,1.0,7.0,0,989.980387603017,28.0,1.0,Ethiopia,0.494
53,2008,ROU,4.0,1.0,4.0,9.0,0,16347.3435343349,83.0,4.0,Romania,0.23
53,2008,CUB,3.0,10.0,17.0,30.0,0,6004.89386182453,115.0,3.0,Cuba,0.3
53,2008,CAN,3.0,9.0,8.0,20.0,0,41896.4255869481,215.0,4.0,Canada,0.069
53,2008,HUN,3.0,5.0,2.0,10.0,0,20380.6317638976,129.0,4.0,Hungary,0.23
53,2008,NOR,3.0,5.0,1.0,9.0,0,76522.0634426551,49.0,4.0,Norway,0.012
53,2008,BRA,3.0,4.0,10.0,17.0,0,13164.0113425742,162.0,3.0,Brazil,0.391
53,2008,BLR,3.0,4.0,7.0,14.0,0,16223.9968078839,146.0,4.0,Belarus,0.096
53,2008,CZE,3.0,3.0,1.0,7.0,0,26186.0453787816,110.0,4.0,Czechia,0.113
53,2008,SVK,3.0,3.0,0.0,6.0,0,22231.9881558054,52.0,4.0,Slovakia,0.184
53,2008,NZL,3.0,2.0,4.0,9.0,0,31444.6332354074,90.0,4.0,New Zealand,0.082
53,2008,GEO,3.0,2.0,2.0,7.0,0,8461.91734250787,33.0,4.0,Georgia,0.283
53,2008,KAZ,2.0,3.0,4.0,9.0,0,18665.7653320354,103.0,4.0,Kazakhstan,0.177
53,2008,DEN,2.0,2.0,3.0,7.0,0,44246.3986882078,59.0,4.0,Denmark,0.009
53,2008,PRK,2.0,2.0,2.0,6.0,0,1794.65737167766,45.0,,Democratic People's Republic of Korea,0.34
53,2008,PRK,2.0,2.0,2.0,6.0,0,1794.65737167766,45.0,,Democratic People's Republic of Korea,0.34
53,2008,THA,2.0,2.0,2.0,6.0,0,12768.1290769284,42.0,4.0,Thailand,0.31
53,2008,MGL,2.0,2.0,0.0,4.0,0,6982.14643001293,28.0,3.0,Mongolia,0.297
53,2008,SUI,2.0,1.0,4.0,7.0,0,56054.8838155727,76.0,4.0,Switzerland,0.018
53,2008,ARG,2.0,0.0,4.0,6.0,0,18520.3040835795,73.0,4.0,Argentina,0.292
53,2008,MEX,2.0,0.0,2.0,4.0,0,14808.0899633769,82.0,3.0,Mexico,0.352
53,2008,BEL,2.0,0.0,0.0,2.0,0,38117.3484155223,56.0,4.0,Belgium,0.044
53,2008,ZIM,1.0,3.0,0.0,4.0,0,1197.52606766824,13.0,2.0,Zimbabwe,0.519
53,2008,SLO,1.0,2.0,2.0,5.0,0,28473.5957291968,53.0,4.0,Slovenia,0.049
53,2008,AZE,1.0,1.0,4.0,6.0,0,14072.6265772429,41.0,3.0,Azerbaijan,0.329
53,2008,INA,1.0,1.0,4.0,6.0,0,7633.16579599593,24.0,3.0,Indonesia,0.439
53,2008,BUL,1.0,1.0,3.0,5.0,0,14761.7147267543,53.0,3.0,Bulgaria,0.206
53,2008,TUR,1.0,1.0,3.0,5.0,0,,67.0,4.0,Türkiye,0.259
53,2008,TPE,1.0,1.0,2.0,4.0,0,,50.0,,Chinese Taipei,0.34
53,2008,FIN,1.0,1.0,2.0,4.0,0,40129.6533382812,54.0,4.0,Finland,0.032
53,2008,LAT,1.0,1.0,1.0,3.0,0,20342.1982902556,36.0,4.0,Latvia,0.142
53,2008,DOM,1.0,1.0,0.0,2.0,0,10225.5288424606,22.0,,Dominican Republic,
53,2008,EST,1.0,1.0,0.0,2.0,0,24429.0222103868,43.0,4.0,Estonia,0.093
53,2008,POR,1.0,1.0,0.0,2.0,0,25590.8804355362,73.0,4.0,Portugal,0.076
53,2008,TTO,1.0,1.0,0.0,2.0,0,31434.3039014147,24.0,4.0,Trinidad and Tobago,0.264
53,2008,IND,1.0,0.0,2.0,3.0,0,4030.65437807005,50.0,2.0,India,0.437
53,2008,IRI,1.0,0.0,1.0,2.0,0,15739.9838815813,49.0,3.0,Islamic Republic of Iran,0.484
53,2008,CMR,1.0,0.0,0.0,1.0,0,2352.79945998997,16.0,2.0,Cameroon,0.555
53,2008,PAN,1.0,0.0,0.0,1.0,0,14466.9673417838,5.0,4.0,Panama,0.392
53,2008,TUN,1.0,0.0,0.0,1.0,0,10294.921446404,29.0,3.0,Tunisia,0.237
53,2008,SWE,0.0,4.0,1.0,5.0,0,42189.9639876837,97.0,4.0,Sweden,0.023
53,2008,LTU,0.0,3.0,2.0,5.0,0,20879.8024701771,58.0,4.0,Lithuania,0.098
53,2008,NGR,0.0,3.0,2.0,5.0,0,4084.20026035943,44.0,1.0,Nigeria,0.677
53,2008,CRO,0.0,2.0,3.0,5.0,0,20717.3157388307,62.0,4.0,Croatia,0.087
53,2008,COL,0.0,2.0,1.0,3.0,0,10846.7376868879,65.0,3.0,Colombia,0.392
53,2008,GRE,0.0,2.0,1.0,3.0,0,28907.9250256727,98.0,4.0,Greece,0.12
53,2008,ARM,0.0,1.0,4.0,5.0,0,10080.8128333688,26.0,3.0,Armenia,0.198
53,2008,UZB,0.0,1.0,3.0,4.0,0,6278.27324306742,56.0,3.0,Uzbekistan,0.242
53,2008,AUT,0.0,1.0,2.0,3.0,0,40964.793352369,61.0,4.0,Austria,0.048
53,2008,IRL,0.0,1.0,2.0,3.0,0,49583.1415262939,47.0,4.0,Ireland,0.072
53,2008,KGZ,0.0,1.0,2.0,3.0,0,4046.72078648019,20.0,3.0,Kyrgyzstan,0.345
53,2008,SRB,0.0,1.0,2.0,3.0,0,11650.228005412,40.0,4.0,Serbia,0.119
53,2008,ALG,0.0,1.0,1.0,2.0,0,11475.0024058251,48.0,3.0,Algeria,0.46
53,2008,MAR,0.0,1.0,1.0,2.0,0,6530.97807194875,47.0,2.0,Morocco,0.44
53,2008,TJK,0.0,1.0,1.0,2.0,0,2801.77617916365,15.0,2.0,Tajikistan,0.269
53,2008,BAH,0.0,1.0,1.0,2.0,0,,23.0,4.0,The Bahamas,0.333
53,2008,CHI,0.0,1.0,0.0,1.0,0,18804.0293633295,27.0,4.0,Chile,0.19
53,2008,ECU,0.0,1.0,0.0,1.0,0,9103.87168745247,25.0,3.0,Ecuador,0.371
53,2008,ISL,0.0,1.0,0.0,1.0,0,40810.2290862093,14.0,4.0,Iceland,0.039
53,2008,MAS,0.0,1.0,0.0,1.0,0,17865.6408788889,36.0,4.0,Malaysia,0.202
53,2008,SAM,0.0,1.0,0.0,1.0,0,,6.0,3.0,Samoa,0.34
53,2008,SGP,0.0,1.0,0.0,1.0,0,52180.1731759185,27.0,4.0,Singapore,0.036
53,2008,RSA,0.0,1.0,0.0,1.0,0,10977.1467973144,96.0,3.0,South Africa,0.401
53,2008,SUD,0.0,1.0,0.0,1.0,0,,9.0,1.0,Sudan,0.548
53,2008,VIE,0.0,1.0,0.0,1.0,0,4200.23523093943,21.0,3.0,Vietnam,0.378
53,2008,EGY,0.0,0.0,2.0,2.0,0,9698.01663832814,72.0,3.0,Egypt,0.389
53,2008,AFG,0.0,0.0,1.0,1.0,0,1319.60736728553,4.0,1.0,Afghanistan,0.665
53,2008,ISR,0.0,0.0,1.0,1.0,0,27857.6186676969,37.0,4.0,Israel,0.092
53,2008,MRI,0.0,0.0,1.0,1.0,0,15957.9602249536,12.0,3.0,Mauritius,0.369
53,2008,MDA,0.0,0.0,1.0,1.0,0,4652.45725879469,29.0,3.0,Republic of Moldova,0.156
53,2008,TOG,0.0,0.0,1.0,1.0,0,1150.35785293882,4.0,1.0,Togo,0.578
53,2008,VEN,0.0,0.0,1.0,1.0,0,18019.090180914,74.0,2.0,Venezuela,0.521
54,2012,USA,48.0,26.0,30.0,104.0,0,50436.4354973145,378.0,4.0,United States,0.18
54,2012,CHN,39.0,31.0,22.0,92.0,0,10946.8339714906,276.0,3.0,People's Republic of China,0.186
54,2012,CHN,39.0,31.0,22.0,92.0,0,10946.8339714906,276.0,3.0,People's Republic of China,0.186
54,2012,GBR,29.0,18.0,18.0,65.0,1,35243.6421425481,320.0,4.0,Great Britain,0.094
54,2012,RUS,18.0,21.0,26.0,65.0,0,24020.3111837986,330.0,4.0,Russian Federation,0.178
54,2012,KOR,13.0,9.0,8.0,30.0,0,,156.0,4.0,Republic of Korea,0.062
54,2012,GER,11.0,20.0,13.0,44.0,0,43288.3199199092,286.0,4.0,Germany,0.071
54,2012,FRA,11.0,11.0,13.0,35.0,0,36625.9268983289,236.0,4.0,France,0.084
54,2012,AUS,8.0,15.0,12.0,35.0,0,47045.1294679427,254.0,4.0,Australia,0.063
54,2012,ITA,8.0,9.0,11.0,28.0,0,34010.0351871531,209.0,4.0,Italy,0.057
54,2012,HUN,8.0,4.0,6.0,18.0,0,20731.670063284,112.0,4.0,Hungary,0.23
54,2012,JPN,7.0,14.0,17.0,38.0,0,35537.4387641568,215.0,4.0,Japan,0.078
54,2012,IRI,7.0,5.0,1.0,13.0,0,17556.5330188044,53.0,3.0,Islamic Republic of Iran,0.484
54,2012,NED,6.0,6.0,8.0,20.0,0,43968.2537766979,107.0,4.0,Netherlands,0.025
54,2012,NZL,6.0,2.0,5.0,13.0,0,32714.7326094428,89.0,4.0,New Zealand,0.082
54,2012,UKR,5.0,4.0,10.0,19.0,0,10381.6381853513,214.0,3.0,Ukraine,0.188
54,2012,CUB,5.0,3.0,7.0,15.0,0,7138.0,100.0,3.0,Cuba,0.3
54,2012,ESP,4.0,10.0,6.0,20.0,0,30645.215366245,163.0,4.0,Spain,0.059
54,2012,JAM,4.0,5.0,4.0,13.0,0,7119.50555379656,42.0,3.0,Jamaica,0.35
54,2012,CZE,4.0,4.0,3.0,11.0,0,26483.3804690022,105.0,4.0,Czechia,0.113
54,2012,RSA,4.0,1.0,1.0,6.0,0,11938.2253602724,68.0,3.0,South Africa,0.401
54,2012,PRK,4.0,0.0,3.0,7.0,0,1770.92094154285,34.0,,Democratic People's Republic of Korea,0.34
54,2012,PRK,4.0,0.0,3.0,7.0,0,1770.92094154285,34.0,,Democratic People's Republic of Korea,0.34
54,2012,BRA,3.0,5.0,9.0,17.0,0,14985.4983398531,153.0,3.0,Brazil,0.391
54,2012,POL,3.0,2.0,6.0,11.0,0,22169.8256016437,165.0,4.0,Poland,0.105
54,2012,ETH,3.0,2.0,3.0,8.0,0,1291.77690111998,34.0,1.0,Ethiopia,0.494
54,2012,KAZ,3.0,1.0,7.0,11.0,0,22089.9237188043,103.0,4.0,Kazakhstan,0.177
54,2012,CRO,3.0,1.0,2.0,6.0,0,19413.8924362517,53.0,4.0,Croatia,0.087
54,2012,CAN,2.0,6.0,10.0,18.0,0,42476.3450506687,209.0,4.0,Canada,0.069
54,2012,BLR,2.0,5.0,3.0,10.0,0,18245.0075205127,128.0,4.0,Belarus,0.096
54,2012,KEN,2.0,4.0,7.0,13.0,0,2754.76453397186,45.0,2.0,Kenya,0.533
54,2012,DEN,2.0,4.0,3.0,9.0,0,43509.6123819857,74.0,4.0,Denmark,0.009
54,2012,ROU,2.0,4.0,1.0,7.0,0,17580.9323000955,78.0,4.0,Romania,0.23
54,2012,AZE,2.0,2.0,5.0,9.0,0,16364.5322162617,51.0,3.0,Azerbaijan,0.329
54,2012,SUI,2.0,2.0,0.0,4.0,0,58750.9384333805,71.0,4.0,Switzerland,0.018
54,2012,NOR,2.0,1.0,1.0,4.0,0,81725.2185056822,46.0,4.0,Norway,0.012
54,2012,LTU,2.0,0.0,3.0,5.0,0,21305.0029889157,50.0,4.0,Lithuania,0.098
54,2012,TUN,2.0,0.0,1.0,3.0,0,10750.8498218162,48.0,3.0,Tunisia,0.237
54,2012,SWE,1.0,4.0,3.0,8.0,0,41523.1432786696,85.0,4.0,Sweden,0.023
54,2012,COL,1.0,3.0,5.0,9.0,0,12129.809173045,81.0,3.0,Colombia,0.392
54,2012,MEX,1.0,3.0,4.0,8.0,0,15547.9945212814,87.0,3.0,Mexico,0.352
54,2012,GEO,1.0,2.0,3.0,6.0,0,9497.1212331926,35.0,4.0,Georgia,0.283
54,2012,IRL,1.0,1.0,4.0,6.0,0,47360.089597748,60.0,4.0,Ireland,0.072
54,2012,ARG,1.0,1.0,2.0,4.0,0,19573.9631854518,63.0,4.0,Argentina,0.292
54,2012,SRB,1.0,1.0,2.0,4.0,0,12438.2559125303,60.0,4.0,Serbia,0.119
54,2012,SLO,1.0,1.0,2.0,4.0,0,25269.2323059742,61.0,4.0,Slovenia,0.049
54,2012,TTO,1.0,1.0,2.0,4.0,0,30944.2217594101,25.0,4.0,Trinidad and Tobago,0.264
54,2012,TUR,1.0,1.0,1.0,3.0,0,,87.0,4.0,Türkiye,0.259
54,2012,DOM,1.0,1.0,0.0,2.0,0,11854.3658261704,21.0,,Dominican Republic,
54,2012,TPE,1.0,0.0,1.0,2.0,0,,44.0,,Chinese Taipei,0.34
54,2012,LAT,1.0,0.0,1.0,2.0,0,19970.0304134941,41.0,4.0,Latvia,0.142
54,2012,ALG,1.0,0.0,0.0,1.0,0,13392.9447019401,28.0,3.0,Algeria,0.46
54,2012,BRN,1.0,0.0,0.0,1.0,0,36711.3916621356,12.0,4.0,Bahrain,0.181
54,2012,GRN,1.0,0.0,0.0,1.0,0,,9.0,3.0,Grenada,0.386
54,2012,BAH,1.0,0.0,0.0,1.0,0,,21.0,4.0,The Bahamas,0.333
54,2012,UGA,1.0,0.0,0.0,1.0,0,1878.8959287812,15.0,2.0,Uganda,0.527
54,2012,VEN,1.0,0.0,0.0,1.0,0,18486.4582027052,63.0,2.0,Venezuela,0.521
54,2012,EGY,0.0,3.0,1.0,4.0,0,10774.5299124852,89.0,3.0,Egypt,0.389
54,2012,IND,0.0,2.0,4.0,6.0,0,4982.08317492358,64.0,2.0,India,0.437
54,2012,MGL,0.0,2.0,3.0,5.0,0,10493.0,29.0,3.0,Mongolia,0.297
54,2012,THA,0.0,2.0,2.0,4.0,0,14202.2506555619,35.0,4.0,Thailand,0.31
54,2012,BUL,0.0,2.0,1.0,3.0,0,15314.524722925,47.0,3.0,Bulgaria,0.206
54,2012,FIN,0.0,2.0,1.0,3.0,0,37715.0109909915,52.0,4.0,Finland,0.032
54,2012,INA,0.0,2.0,1.0,3.0,0,9272.00911977256,19.0,3.0,Indonesia,0.439
54,2012,SVK,0.0,1.0,3.0,4.0,0,22745.2035926412,46.0,4.0,Slovakia,0.184
54,2012,BEL,0.0,1.0,2.0,3.0,0,38173.2339164272,79.0,4.0,Belgium,0.044
54,2012,ARM,0.0,1.0,1.0,2.0,0,9076.43308146957,24.0,3.0,Armenia,0.198
54,2012,EST,0.0,1.0,1.0,2.0,0,22784.3000102147,28.0,4.0,Estonia,0.093
54,2012,MAS,0.0,1.0,1.0,2.0,0,20162.1778664827,30.0,4.0,Malaysia,0.202
54,2012,PUR,0.0,1.0,1.0,2.0,0,34395.0,25.0,,Puerto Rico,0.386
54,2012,QAT,0.0,1.0,1.0,2.0,0,154339.816050374,12.0,4.0,Qatar,0.212
54,2012,BOT,0.0,1.0,0.0,1.0,0,13134.4063195563,4.0,3.0,Botswana,0.483
54,2012,CYP,0.0,1.0,0.0,1.0,0,25933.4946834009,13.0,4.0,Cyprus,0.253
54,2012,GAB,0.0,1.0,0.0,1.0,0,16682.3078992928,7.0,2.0,Gabon,0.524
54,2012,GUA,0.0,1.0,0.0,1.0,0,6718.33223911709,19.0,2.0,Guatemala,0.474
54,2012,MNE,0.0,1.0,0.0,1.0,0,15421.0,8.0,4.0,Montenegro,0.114
54,2012,POR,0.0,1.0,0.0,1.0,0,24211.4375382567,70.0,4.0,Portugal,0.076
54,2012,UZB,0.0,0.0,3.0,3.0,0,7847.07458092857,53.0,3.0,Uzbekistan,0.242
54,2012,GRE,0.0,0.0,2.0,2.0,0,22746.2062950648,74.0,4.0,Greece,0.12
54,2012,SGP,0.0,0.0,2.0,2.0,0,62855.5234633307,22.0,4.0,Singapore,0.036
54,2012,AFG,0.0,0.0,1.0,1.0,0,1945.0,6.0,1.0,Afghanistan,0.665
54,2012,CMR,0.0,0.0,1.0,1.0,0,2536.54681699579,16.0,2.0,Cameroon,0.555
54,2012,HKG,0.0,0.0,1.0,1.0,0,44795.1102949275,36.0,4.0,"Hong Kong, China",0.34
54,2012,KSA,0.0,0.0,1.0,1.0,0,49835.0474161016,19.0,4.0,Kingdom of Saudi Arabia,0.229
54,2012,KUW,0.0,0.0,1.0,1.0,0,80657.134437754,10.0,4.0,Kuwait,0.199
54,2012,MAR,0.0,0.0,1.0,1.0,0,7355.32597285302,49.0,2.0,Morocco,0.44
54,2012,TJK,0.0,0.0,1.0,1.0,0,3283.90928244405,16.0,2.0,Tajikistan,0.269
54,2012,VIE,0.0,0.0,1.0,1.0,0,4987.96428728723,17.0,3.0,Vietnam,0.378
59,2016,USA,46.0,37.0,38.0,121.0,0,53301.0150669515,380.0,4.0,United States,0.18
59,2016,GBR,27.0,23.0,17.0,67.0,0,37593.906583539,266.0,4.0,Great Britain,0.094
59,2016,CHN,26.0,18.0,26.0,70.0,0,14138.9546372735,279.0,3.0,People's Republic of China,0.186
59,2016,CHN,26.0,18.0,26.0,70.0,0,14138.9546372735,279.0,3.0,People's Republic of China,0.186
59,2016,RUS,19.0,17.0,20.0,56.0,0,23610.3688230742,221.0,4.0,Russian Federation,0.178
59,2016,GER,17.0,10.0,15.0,42.0,0,45030.4682616668,300.0,4.0,Germany,0.071
59,2016,JPN,12.0,8.0,21.0,41.0,0,37384.5570542166,231.0,4.0,Japan,0.078
59,2016,FRA,10.0,18.0,14.0,42.0,0,37343.8402371787,258.0,4.0,France,0.084
59,2016,KOR,9.0,3.0,9.0,21.0,0,,146.0,4.0,Republic of Korea,0.062
59,2016,ITA,8.0,12.0,8.0,28.0,0,34120.4221768589,224.0,4.0,Italy,0.057
59,2016,AUS,8.0,11.0,10.0,29.0,0,48675.1353283578,262.0,4.0,Australia,0.063
59,2016,NED,8.0,7.0,4.0,19.0,0,45654.4688928012,145.0,4.0,Netherlands,0.025
59,2016,HUN,8.0,3.0,4.0,15.0,0,23568.9257427087,128.0,4.0,Hungary,0.23
59,2016,BRA,7.0,6.0,6.0,19.0,1,13990.6467728271,271.0,3.0,Brazil,0.391
59,2016,ESP,7.0,4.0,6.0,17.0,0,33002.6743470795,177.0,4.0,Spain,0.059
59,2016,KEN,6.0,6.0,1.0,13.0,0,2975.47946717408,58.0,2.0,Kenya,0.533
59,2016,JAM,6.0,3.0,2.0,11.0,0,7381.33241824725,51.0,3.0,Jamaica,0.35
59,2016,CRO,5.0,3.0,2.0,10.0,0,20915.2273189076,48.0,4.0,Croatia,0.087
59,2016,CUB,5.0,2.0,4.0,11.0,0,7928.04988676795,97.0,3.0,Cuba,0.3
59,2016,NZL,4.0,9.0,5.0,18.0,0,34879.9380406397,91.0,4.0,New Zealand,0.082
59,2016,CAN,4.0,3.0,15.0,22.0,0,43702.0795984309,218.0,4.0,Canada,0.069
59,2016,UZB,4.0,2.0,7.0,13.0,0,9845.35219226057,66.0,3.0,Uzbekistan,0.242
59,2016,COL,3.0,2.0,3.0,8.0,0,13367.4456944415,98.0,3.0,Colombia,0.392
59,2016,SUI,3.0,2.0,2.0,7.0,0,60647.6402593232,82.0,4.0,Switzerland,0.018
59,2016,IRI,3.0,1.0,4.0,8.0,0,17738.0594595156,52.0,3.0,Islamic Republic of Iran,0.484
59,2016,GRE,3.0,1.0,2.0,6.0,0,22679.8098204854,69.0,4.0,Greece,0.12
59,2016,ARG,3.0,1.0,0.0,4.0,0,18819.6428869525,85.0,4.0,Argentina,0.292
59,2016,DEN,2.0,6.0,7.0,15.0,0,46018.9834038023,73.0,4.0,Denmark,0.009
59,2016,SWE,2.0,6.0,3.0,11.0,0,44131.0319723808,94.0,4.0,Sweden,0.023
59,2016,RSA,2.0,6.0,2.0,10.0,0,11908.1114036069,84.0,3.0,South Africa,0.401
59,2016,KAZ,2.0,5.0,10.0,17.0,0,23731.5113952677,99.0,4.0,Kazakhstan,0.177
59,2016,UKR,2.0,5.0,4.0,11.0,0,9221.60818646614,184.0,3.0,Ukraine,0.188
59,2016,SRB,2.0,4.0,2.0,8.0,0,13518.9496981024,55.0,4.0,Serbia,0.119
59,2016,POL,2.0,3.0,6.0,11.0,0,25020.6203257842,181.0,4.0,Poland,0.105
59,2016,PRK,2.0,3.0,2.0,7.0,0,1821.21208790605,31.0,,Democratic People's Republic of Korea,0.34
59,2016,PRK,2.0,3.0,2.0,7.0,0,1821.21208790605,31.0,,Democratic People's Republic of Korea,0.34
59,2016,BEL,2.0,2.0,2.0,6.0,0,39456.8633726728,90.0,4.0,Belgium,0.044
59,2016,THA,2.0,2.0,2.0,6.0,0,15411.5337959337,51.0,4.0,Thailand,0.31
59,2016,SVK,2.0,2.0,0.0,4.0,0,25087.7139863877,47.0,4.0,Slovakia,0.184
59,2016,GEO,2.0,1.0,4.0,7.0,0,10945.465518139,41.0,4.0,Georgia,0.283
59,2016,AZE,1.0,7.0,10.0,18.0,0,16770.8504902045,55.0,3.0,Azerbaijan,0.329
59,2016,BLR,1.0,4.0,4.0,9.0,0,17701.9593168985,100.0,4.0,Belarus,0.096
59,2016,TUR,1.0,3.0,4.0,8.0,0,,87.0,4.0,Türkiye,0.259
59,2016,ARM,1.0,3.0,0.0,4.0,0,10113.0505064223,32.0,3.0,Armenia,0.198
59,2016,CZE,1.0,2.0,7.0,10.0,0,29097.5043798794,96.0,4.0,Czechia,0.113
59,2016,ETH,1.0,2.0,5.0,8.0,0,1722.30919630768,38.0,1.0,Ethiopia,0.494
59,2016,SLO,1.0,2.0,1.0,4.0,0,27004.7160998092,44.0,4.0,Slovenia,0.049
59,2016,INA,1.0,2.0,0.0,3.0,0,10849.6695811754,24.0,3.0,Indonesia,0.439
59,2016,ROU,1.0,1.0,2.0,4.0,0,19825.6025546891,67.0,4.0,Romania,0.23
59,2016,BRN,1.0,1.0,0.0,2.0,0,38805.3906548486,34.0,4.0,Bahrain,0.181
59,2016,VIE,1.0,1.0,0.0,2.0,0,6089.62318030299,21.0,3.0,Vietnam,0.378
59,2016,TPE,1.0,0.0,2.0,3.0,0,7084.08646145899,56.0,,Chinese Taipei,0.34
59,2016,TPE,1.0,0.0,2.0,3.0,0,7084.08646145899,56.0,,Chinese Taipei,0.34
59,2016,CIV,1.0,0.0,1.0,2.0,0,3328.97950270855,12.0,1.0,Côte d'Ivoire,0.612
59,2016,IOA,1.0,0.0,1.0,2.0,0,,9.0,,Independent Olympic Athletes,
59,2016,BAH,1.0,0.0,1.0,2.0,0,14074.3772389897,26.0,4.0,The Bahamas,0.333
59,2016,FIJ,1.0,0.0,0.0,1.0,0,7084.08646145899,14.0,3.0,Fiji,0.332
59,2016,JOR,1.0,0.0,0.0,1.0,0,9149.41215916899,8.0,3.0,Jordan,0.449
59,2016,KOS,1.0,0.0,0.0,1.0,0,18301.7749981928,8.0,,Kosovo,0.224
59,2016,PUR,1.0,0.0,0.0,1.0,0,35594.5219528839,30.0,,Puerto Rico,0.386
59,2016,SGP,1.0,0.0,0.0,1.0,0,69211.0465967401,22.0,4.0,Singapore,0.036
59,2016,TJK,1.0,0.0,0.0,1.0,0,3978.55576993459,7.0,2.0,Tajikistan,0.269
59,2016,MAS,0.0,4.0,1.0,5.0,0,23251.9029840136,32.0,4.0,Malaysia,0.202
59,2016,MEX,0.0,3.0,2.0,5.0,0,16705.0464647827,97.0,3.0,Mexico,0.352
59,2016,VEN,0.0,2.0,1.0,3.0,0,13428.7885764867,73.0,2.0,Venezuela,0.521
59,2016,ALG,0.0,2.0,0.0,2.0,0,14198.2727612004,47.0,3.0,Algeria,0.46
59,2016,IRL,0.0,2.0,0.0,2.0,0,53686.8435115724,59.0,4.0,Ireland,0.072
59,2016,LTU,0.0,1.0,3.0,4.0,0,24886.8400842498,49.0,4.0,Lithuania,0.098
59,2016,BUL,0.0,1.0,2.0,3.0,0,16795.8232850053,45.0,3.0,Bulgaria,0.206
59,2016,IND,0.0,1.0,1.0,2.0,0,6326.06442337151,78.0,2.0,India,0.437
59,2016,MGL,0.0,1.0,1.0,2.0,0,12313.5435935755,43.0,3.0,Mongolia,0.297
59,2016,BDI,0.0,1.0,0.0,1.0,0,704.635026920074,9.0,1.0,Burundi,0.499
59,2016,GRN,0.0,1.0,0.0,1.0,0,14074.3772389897,7.0,3.0,Grenada,0.386
59,2016,NIG,0.0,1.0,0.0,1.0,0,903.571548725605,6.0,1.0,Niger,0.609
59,2016,PHI,0.0,1.0,0.0,1.0,0,7463.51818800498,13.0,3.0,Philippines,0.388
59,2016,QAT,0.0,1.0,0.0,1.0,0,160051.235409427,24.0,4.0,Qatar,0.212
59,2016,NOR,0.0,0.0,4.0,4.0,0,83213.0125924677,46.0,4.0,Norway,0.012
59,2016,EGY,0.0,0.0,3.0,3.0,0,11458.447735786,89.0,3.0,Egypt,0.389
59,2016,TUN,0.0,0.0,3.0,3.0,0,11064.0237155029,44.0,3.0,Tunisia,0.237
59,2016,ISR,0.0,0.0,2.0,2.0,0,31822.8748026582,40.0,4.0,Israel,0.092
59,2016,AUT,0.0,0.0,1.0,1.0,0,41545.4987022567,61.0,4.0,Austria,0.048
59,2016,DOM,0.0,0.0,1.0,1.0,0,14530.0999094903,24.0,,Dominican Republic,
59,2016,EST,0.0,0.0,1.0,1.0,0,25196.1537732171,42.0,4.0,Estonia,0.093
59,2016,FIN,0.0,0.0,1.0,1.0,0,37924.151065413,51.0,4.0,Finland,0.032
59,2016,MAR,0.0,0.0,1.0,1.0,0,7912.22209069393,49.0,2.0,Morocco,0.44
59,2016,NGR,0.0,0.0,1.0,1.0,0,5337.12944295536,44.0,1.0,Nigeria,0.677
59,2016,POR,0.0,0.0,1.0,1.0,0,25568.6948248787,73.0,4.0,Portugal,0.076
59,2016,TTO,0.0,0.0,1.0,1.0,0,30158.1259186002,28.0,4.0,Trinidad and Tobago,0.264
59,2016,UAE,0.0,0.0,1.0,1.0,0,74292.9520428913,13.0,4.0,United Arab Emirates,0.035
61,2020,USA,39.0,41.0,33.0,113.0,0,54379.2065124557,427.0,4.0,United States,0.18
61,2020,CHN,38.0,32.0,19.0,89.0,0,17225.9682769427,286.0,3.0,People's Republic of China,0.186
61,2020,CHN,38.0,32.0,19.0,89.0,0,17225.9682769427,286.0,3.0,People's Republic of China,0.186
61,2020,JPN,27.0,14.0,17.0,58.0,1,36826.6389692139,341.0,4.0,Japan,0.078
61,2020,GBR,22.0,20.0,22.0,64.0,0,34651.1830491111,267.0,4.0,Great Britain,0.094
61,2020,ROC,20.0,28.0,23.0,71.0,0,,267.0,,ROC,0.178
61,2020,ROC,20.0,28.0,23.0,71.0,0,,267.0,,ROC,0.178
61,2020,ROC,20.0,28.0,23.0,71.0,0,,267.0,,Russian Olympic Committee,0.178
61,2020,ROC,20.0,28.0,23.0,71.0,0,,267.0,,Russian Olympic Committee,0.178
61,2020,AUS,17.0,7.0,22.0,46.0,0,48268.9450765119,279.0,4.0,Australia,0.063
61,2020,NED,10.0,12.0,14.0,36.0,0,46014.4842869007,163.0,4.0,Netherlands,0.025
61,2020,FRA,10.0,12.0,11.0,33.0,0,35913.8193694193,271.0,4.0,France,0.084
61,2020,GER,10.0,11.0,16.0,37.0,0,44996.4296207847,296.0,4.0,Germany,0.071
61,2020,ITA,10.0,10.0,20.0,40.0,0,32385.3270951066,275.0,4.0,Italy,0.057
61,2020,CAN,7.0,7.0,10.0,24.0,0,42493.6306173863,235.0,4.0,Canada,0.069
61,2020,BRA,7.0,6.0,8.0,21.0,0,13685.925743511,192.0,3.0,Brazil,0.391
61,2020,NZL,7.0,6.0,7.0,20.0,0,35853.6929927152,96.0,4.0,New Zealand,0.082
61,2020,CUB,7.0,3.0,5.0,15.0,0,7364.10558763986,69.0,3.0,Cuba,0.3
61,2020,HUN,6.0,7.0,7.0,20.0,0,26091.4003299994,130.0,4.0,Hungary,0.23
61,2020,KOR,6.0,4.0,10.0,20.0,0,,149.0,4.0,Republic of Korea,0.062
61,2020,POL,4.0,5.0,5.0,14.0,0,28577.1413858914,167.0,4.0,Poland,0.105
61,2020,CZE,4.0,4.0,3.0,11.0,0,30365.3682434726,97.0,4.0,Czechia,0.113
61,2020,KEN,4.0,4.0,2.0,10.0,0,3129.5852831151,50.0,2.0,Kenya,0.533
61,2020,NOR,4.0,2.0,2.0,8.0,0,83543.0983294295,59.0,4.0,Norway,0.012
61,2020,JAM,4.0,1.0,4.0,9.0,0,6880.48835271308,51.0,3.0,Jamaica,0.35
61,2020,ESP,3.0,8.0,6.0,17.0,0,30834.5131974243,193.0,4.0,Spain,0.059
61,2020,SWE,3.0,6.0,0.0,9.0,0,44128.3319669478,85.0,4.0,Sweden,0.023
61,2020,SUI,3.0,4.0,6.0,13.0,0,60521.2626602176,102.0,4.0,Switzerland,0.018
61,2020,DEN,3.0,4.0,4.0,11.0,0,47171.0870728459,73.0,4.0,Denmark,0.009
61,2020,CRO,3.0,3.0,2.0,8.0,0,21672.4779377293,45.0,4.0,Croatia,0.087
61,2020,IRI,3.0,2.0,2.0,7.0,0,17296.2637113276,45.0,3.0,Islamic Republic of Iran,0.484
61,2020,SRB,3.0,1.0,5.0,9.0,0,15256.4210283038,51.0,4.0,Serbia,0.119
61,2020,BEL,3.0,1.0,3.0,7.0,0,38763.4425749273,92.0,4.0,Belgium,0.044
61,2020,BUL,3.0,1.0,2.0,6.0,0,18203.8329720928,37.0,3.0,Bulgaria,0.206
61,2020,SLO,3.0,1.0,1.0,5.0,0,28733.3025521436,42.0,4.0,Slovenia,0.049
61,2020,UZB,3.0,0.0,2.0,5.0,0,11341.9194017277,64.0,3.0,Uzbekistan,0.242
61,2020,GEO,2.0,5.0,1.0,8.0,0,11770.7822789239,33.0,4.0,Georgia,0.283
61,2020,TPE,2.0,4.0,6.0,12.0,0,7590.15416732545,70.0,,Chinese Taipei,0.34
61,2020,TPE,2.0,4.0,6.0,12.0,0,7590.15416732545,70.0,,Chinese Taipei,0.34
61,2020,TUR,2.0,2.0,9.0,13.0,0,,94.0,4.0,Türkiye,0.259
61,2020,GRE,2.0,1.0,1.0,4.0,0,21767.2201652719,61.0,4.0,Greece,0.12
61,2020,UGA,2.0,1.0,1.0,4.0,0,2032.26188240507,25.0,2.0,Uganda,0.527
61,2020,ECU,2.0,1.0,0.0,3.0,0,9646.06516043359,44.0,3.0,Ecuador,0.371
61,2020,IRL,2.0,0.0,2.0,4.0,0,55134.8564989063,81.0,4.0,Ireland,0.072
61,2020,ISR,2.0,0.0,2.0,4.0,0,32730.9425413735,62.0,4.0,Israel,0.092
61,2020,QAT,2.0,0.0,1.0,3.0,0,143118.523743067,15.0,4.0,Qatar,0.212
61,2020,KOS,2.0,0.0,0.0,2.0,0,19578.5751650745,11.0,,Kosovo,0.224
61,2020,BAH,2.0,0.0,0.0,2.0,0,12865.4961597412,13.0,4.0,The Bahamas,0.333
61,2020,UKR,1.0,6.0,12.0,19.0,0,9769.82794569083,142.0,3.0,Ukraine,0.188
61,2020,BLR,1.0,3.0,3.0,7.0,0,19053.1570205092,94.0,4.0,Belarus,0.096
61,2020,ROU,1.0,3.0,0.0,4.0,0,24799.7118328902,54.0,4.0,Romania,0.23
61,2020,VEN,1.0,3.0,0.0,4.0,0,4952.52959463196,31.0,2.0,Venezuela,0.521
61,2020,IND,1.0,2.0,4.0,7.0,0,6730.54682201476,85.0,2.0,India,0.437
61,2020,HKG,1.0,2.0,3.0,6.0,0,46550.2560387652,40.0,4.0,"Hong Kong, China",0.34
61,2020,PHI,1.0,2.0,1.0,4.0,0,7624.41356494838,19.0,3.0,Philippines,0.388
61,2020,SVK,1.0,2.0,1.0,4.0,0,26468.2951047398,38.0,4.0,Slovakia,0.184
61,2020,RSA,1.0,2.0,0.0,3.0,0,10839.1330806975,83.0,3.0,South Africa,0.401
61,2020,AUT,1.0,1.0,5.0,7.0,0,40503.0408055729,72.0,4.0,Austria,0.048
61,2020,EGY,1.0,1.0,4.0,6.0,0,12234.5034817027,101.0,3.0,Egypt,0.389
61,2020,INA,1.0,1.0,3.0,5.0,0,11895.0753306976,24.0,3.0,Indonesia,0.439
61,2020,ETH,1.0,1.0,2.0,4.0,0,2121.8590445605,36.0,1.0,Ethiopia,0.494
61,2020,POR,1.0,1.0,2.0,4.0,0,25700.283841675,74.0,4.0,Portugal,0.076
61,2020,TUN,1.0,1.0,0.0,2.0,0,10354.2390963813,51.0,3.0,Tunisia,0.237
61,2020,EST,1.0,0.0,1.0,2.0,0,28261.5825720425,30.0,4.0,Estonia,0.093
61,2020,FIJ,1.0,0.0,1.0,2.0,0,7590.15416732545,8.0,3.0,Fiji,0.332
61,2020,LAT,1.0,0.0,1.0,2.0,0,25453.065151316,29.0,4.0,Latvia,0.142
61,2020,THA,1.0,0.0,1.0,2.0,0,15815.9148595292,39.0,4.0,Thailand,0.31
61,2020,BER,1.0,0.0,0.0,1.0,0,12865.4961597412,2.0,,Bermuda,0.386
61,2020,BER,1.0,0.0,0.0,1.0,0,12865.4961597412,2.0,,Bermuda,0.386
61,2020,MAR,1.0,0.0,0.0,1.0,0,7849.20793121245,45.0,2.0,Morocco,0.44
61,2020,PUR,1.0,0.0,0.0,1.0,0,33787.3982257393,25.0,,Puerto Rico,0.386
61,2020,COL,0.0,4.0,1.0,5.0,0,12377.1349498098,65.0,3.0,Colombia,0.392
61,2020,AZE,0.0,3.0,4.0,7.0,0,16189.5110466338,40.0,3.0,Azerbaijan,0.329
61,2020,DOM,0.0,3.0,2.0,5.0,0,15325.6545655599,28.0,,Dominican Republic,
61,2020,ARM,0.0,2.0,2.0,4.0,0,11546.175309736,17.0,3.0,Armenia,0.198
61,2020,KGZ,0.0,2.0,1.0,3.0,0,4899.0611852046,16.0,3.0,Kyrgyzstan,0.345
61,2020,MGL,0.0,1.0,3.0,4.0,0,12990.3285632304,43.0,3.0,Mongolia,0.297
61,2020,ARG,0.0,1.0,2.0,3.0,0,15975.8387725535,69.0,4.0,Argentina,0.292
61,2020,SMR,0.0,1.0,2.0,3.0,0,38162.5344015758,6.0,4.0,San Marino,0.224
61,2020,JOR,0.0,1.0,1.0,2.0,0,8896.38255102744,14.0,3.0,Jordan,0.449
61,2020,MAS,0.0,1.0,1.0,2.0,0,24279.3156330182,27.0,4.0,Malaysia,0.202
61,2020,NGR,0.0,1.0,1.0,2.0,0,4976.32235844951,29.0,1.0,Nigeria,0.677
61,2020,BRN,0.0,1.0,0.0,1.0,0,36890.5029525378,18.0,4.0,Bahrain,0.181
61,2020,KSA,0.0,1.0,0.0,1.0,0,46723.9294048797,12.0,4.0,Kingdom of Saudi Arabia,0.229
61,2020,LTU,0.0,1.0,0.0,1.0,0,28971.8442372642,37.0,4.0,Lithuania,0.098
61,2020,NAM,0.0,1.0,0.0,1.0,0,7734.60547976822,11.0,2.0,Namibia,0.45
61,2020,MKD,0.0,1.0,0.0,1.0,0,13125.8305280423,8.0,3.0,North Macedonia,0.134
61,2020,TKM,0.0,1.0,0.0,1.0,0,16580.840638802,9.0,3.0,Turkmenistan,0.224
61,2020,KAZ,0.0,0.0,8.0,8.0,0,25124.4865450627,86.0,4.0,Kazakhstan,0.177
61,2020,MEX,0.0,0.0,4.0,4.0,0,15253.6913131363,105.0,3.0,Mexico,0.352
61,2020,FIN,0.0,0.0,2.0,2.0,0,38871.7018478207,44.0,4.0,Finland,0.032
61,2020,BOT,0.0,0.0,1.0,1.0,0,14162.6851908202,11.0,3.0,Botswana,0.483
61,2020,BUR,0.0,0.0,1.0,1.0,0,1638.82788641917,7.0,1.0,Burkina Faso,0.577
61,2020,CIV,0.0,0.0,1.0,1.0,0,3682.13528948849,11.0,1.0,Côte d'Ivoire,0.612
61,2020,GHA,0.0,0.0,1.0,1.0,0,4069.25190241155,11.0,2.0,Ghana,0.512
61,2020,GRN,0.0,0.0,1.0,1.0,0,12865.4961597412,6.0,3.0,Grenada,0.386
61,2020,KUW,0.0,0.0,1.0,1.0,0,66365.9908246503,9.0,4.0,Kuwait,0.199
61,2020,MDA,0.0,0.0,1.0,1.0,0,6560.74776968675,22.0,3.0,Republic of Moldova,0.156
61,2020,SYR,0.0,0.0,1.0,1.0,0,2903.73983553172,6.0,2.0,Syrian Arab Republic,0.487
50,1916,GER,,,,,1,4678.0,,4.0,Germany,0.071
51,1940,FIN,,,,,1,5133.0,,4.0,Finland,0.032
52,1944,GBR,,,,,1,11803.0,,4.0,Great Britain,0.094
63,2024,FRA,,,,,1,,,4.0,France,0.084
64,2028,USA,,,,,1,,,4.0,United States,0.18
372,2032,AUS,,,,,1,,,4.0,Australia,0.063
