"edition_id","year","code","participants"
1,1896,"AUS",2
1,1896,"AUT",3
1,1896,"BUL",1
1,1896,"DEN",4
1,1896,"FRA",19
1,1896,"GBR",14
1,1896,"GER",22
1,1896,"GRE",139
1,1896,"HUN",14
1,1896,"ITA",5
1,1896,"SUI",2
1,1896,"SWE",3
1,1896,"USA",22
2,1900,"ARG",3
2,1900,"AUS",2
2,1900,"AUT",21
2,1900,"BEL",66
2,1900,"BOH",11
2,1900,"CUB",1
2,1900,"DEN",13
2,1900,"ESP",11
2,1900,"FRA",1042
2,1900,"GBR",94
2,1900,"GER",57
2,1900,"GRE",2
2,1900,"HAI",2
2,1900,"HUN",22
2,1900,"IND",1
2,1900,"IRI",1
2,1900,"ITA",42
2,1900,"MEX",1
2,1900,"NED",35
2,1900,"NOR",8
2,1900,"PER",3
2,1900,"ROU",1
2,1900,"RUS",6
2,1900,"SUI",27
2,1900,"SWE",11
2,1900,"UNK",4
2,1900,"USA",92
3,1904,"AUS",4
3,1904,"CAN",19
3,1904,"CUB",4
3,1904,"GBR",5
3,1904,"GER",22
3,1904,"GRE",13
3,1904,"HUN",4
3,1904,"ITA",1
3,1904,"RSA",4
3,1904,"USA",920
5,1908,"ANZ",18
5,1908,"ARG",1
5,1908,"AUT",22
5,1908,"BEL",66
5,1908,"BOH",29
5,1908,"CAN",73
5,1908,"DEN",48
5,1908,"FIN",41
5,1908,"FRA",197
5,1908,"GBR",524
5,1908,"GER",93
5,1908,"GRE",22
5,1908,"HUN",129
5,1908,"ISL",5
5,1908,"ITA",54
5,1908,"NED",102
5,1908,"NOR",39
5,1908,"RSA",20
5,1908,"RUS",7
5,1908,"SUI",4
5,1908,"SWE",121
5,1908,"TUR",1
5,1908,"USA",157
6,1912,"ANZ",19
6,1912,"AUT",84
6,1912,"BEL",40
6,1912,"BOH",61
6,1912,"CAN",32
6,1912,"CHI",16
6,1912,"DEN",97
6,1912,"FIN",118
6,1912,"FRA",206
6,1912,"GBR",253
6,1912,"GER",148
6,1912,"GRE",36
6,1912,"HUN",147
6,1912,"ISL",6
6,1912,"ITA",74
6,1912,"JPN",2
6,1912,"LUX",10
6,1912,"NED",25
6,1912,"NOR",117
6,1912,"POL",1
6,1912,"POR",8
6,1912,"RSA",25
6,1912,"RUS",159
6,1912,"SRB",3
6,1912,"SUI",7
6,1912,"SWE",386
6,1912,"TUR",2
6,1912,"UNK",2
6,1912,"USA",229
7,1920,"ARG",1
7,1920,"AUS",16
7,1920,"BEL",219
7,1920,"BRA",14
7,1920,"CAN",45
7,1920,"CHI",2
7,1920,"DEN",107
7,1920,"EGY",8
7,1920,"ESP",41
7,1920,"EST",14
7,1920,"FIN",69
7,1920,"FRA",241
7,1920,"GBR",162
7,1920,"GRE",40
7,1920,"IND",6
7,1920,"ITA",133
7,1920,"JPN",16
7,1920,"LUX",16
7,1920,"MON",4
7,1920,"NED",90
7,1920,"NOR",100
7,1920,"NZL",4
7,1920,"POR",14
7,1920,"RSA",48
7,1920,"SUI",58
7,1920,"SWE",204
7,1920,"TCH",79
7,1920,"USA",258
7,1920,"YUG",1
8,1924,"ARG",64
8,1924,"AUS",32
8,1924,"AUT",78
8,1924,"BEL",154
8,1924,"BRA",13
8,1924,"BUL",16
8,1924,"CAN",63
8,1924,"CHI",16
8,1924,"CUB",11
8,1924,"DEN",105
8,1924,"ECU",3
8,1924,"EGY",13
8,1924,"ESP",91
8,1924,"EST",30
8,1924,"FIN",133
8,1924,"FRA",363
8,1924,"GBR",247
8,1924,"GRE",43
8,1924,"HAI",9
8,1924,"HUN",103
8,1924,"IND",18
8,1924,"IRL",38
8,1924,"ITA",194
8,1924,"JPN",22
8,1924,"LAT",27
8,1924,"LTU",3
8,1924,"LUX",48
8,1924,"MEX",21
8,1924,"MON",7
8,1924,"NED",149
8,1924,"NOR",71
8,1924,"NZL",4
8,1924,"PHI",3
8,1924,"POL",56
8,1924,"POR",29
8,1924,"ROU",12
8,1924,"RSA",32
8,1924,"RUS",4
8,1924,"SUI",124
8,1924,"SWE",152
8,1924,"TCH",145
8,1924,"TUR",19
8,1924,"URU",18
8,1924,"USA",253
8,1924,"YUG",40
9,1928,"ARG",54
9,1928,"AUS",19
9,1928,"AUT",64
9,1928,"BEL",140
9,1928,"BUL",6
9,1928,"CAN",69
9,1928,"CHI",28
9,1928,"CUB",1
9,1928,"DEN",69
9,1928,"EGY",18
9,1928,"ESP",44
9,1928,"EST",21
9,1928,"FIN",82
9,1928,"FRA",255
9,1928,"GBR",197
9,1928,"GER",247
9,1928,"GRE",32
9,1928,"HAI",2
9,1928,"HUN",106
9,1928,"IND",10
9,1928,"IRL",34
9,1928,"ITA",126
9,1928,"JPN",36
9,1928,"LAT",16
9,1928,"LTU",14
9,1928,"LUX",38
9,1928,"MEX",21
9,1928,"MLT",1
9,1928,"MON",7
9,1928,"NED",208
9,1928,"NOR",62
9,1928,"NZL",10
9,1928,"PAN",1
9,1928,"PHI",4
9,1928,"POL",87
9,1928,"POR",20
9,1928,"ROU",22
9,1928,"RSA",27
9,1928,"SUI",101
9,1928,"SWE",102
9,1928,"TCH",74
9,1928,"TUR",23
9,1928,"URU",1
9,1928,"USA",245
9,1928,"YUG",37
9,1928,"ZIM",2
10,1932,"ARG",38
10,1932,"AUS",12
10,1932,"AUT",19
10,1932,"BEL",36
10,1932,"BRA",53
10,1932,"BUL",2
10,1932,"CAN",86
10,1932,"CHN",1
10,1932,"COL",2
10,1932,"CUB",8
10,1932,"DEN",48
10,1932,"ESA",1
10,1932,"ESP",7
10,1932,"EST",2
10,1932,"FIN",42
10,1932,"FRA",100
10,1932,"GBR",102
10,1932,"GER",128
10,1932,"GRE",13
10,1932,"GUA",1
10,1932,"HAI",3
10,1932,"HUN",51
10,1932,"IND",6
10,1932,"IRL",16
10,1932,"ITA",87
10,1932,"JPN",133
10,1932,"LAT",5
10,1932,"LUX",3
10,1932,"MEX",79
10,1932,"MON",1
10,1932,"NED",45
10,1932,"NOR",7
10,1932,"NZL",13
10,1932,"PER",2
10,1932,"PHI",8
10,1932,"POL",46
10,1932,"POR",6
10,1932,"ROU",1
10,1932,"RSA",12
10,1932,"SUI",7
10,1932,"SWE",82
10,1932,"TCH",27
10,1932,"TUR",1
10,1932,"URU",2
10,1932,"USA",403
10,1932,"VEN",1
10,1932,"YUG",2
11,1936,"AFG",3
11,1936,"ARG",40
11,1936,"AUS",25
11,1936,"AUT",205
11,1936,"BEL",113
11,1936,"BER",7
11,1936,"BOL",2
11,1936,"BRA",55
11,1936,"BUL",28
11,1936,"CAN",94
11,1936,"CHI",40
11,1936,"CHN",37
11,1936,"COL",7
11,1936,"CRC",1
11,1936,"DEN",102
11,1936,"EGY",38
11,1936,"EST",26
11,1936,"FIN",93
11,1936,"FRA",165
11,1936,"GBR",153
11,1936,"GER",322
11,1936,"GRE",47
11,1936,"HUN",149
11,1936,"IND",9
11,1936,"ISL",5
11,1936,"ITA",189
11,1936,"JPN",177
11,1936,"LAT",26
11,1936,"LIE",6
11,1936,"LUX",40
11,1936,"MEX",19
11,1936,"MLT",5
11,1936,"MON",8
11,1936,"NED",133
11,1936,"NOR",51
11,1936,"NZL",7
11,1936,"PER",31
11,1936,"PHI",22
11,1936,"POL",98
11,1936,"POR",18
11,1936,"ROU",45
11,1936,"RSA",36
11,1936,"SUI",144
11,1936,"SWE",144
11,1936,"TCH",161
11,1936,"TUR",32
11,1936,"URU",19
11,1936,"USA",269
11,1936,"YUG",85
12,1948,"AFG",2
12,1948,"ARG",150
12,1948,"AUS",66
12,1948,"AUT",126
12,1948,"BEL",101
12,1948,"BER",14
12,1948,"BRA",65
12,1948,"CAN",108
12,1948,"CHI",40
12,1948,"CHN",12
12,1948,"COL",7
12,1948,"CUB",40
12,1948,"DEN",104
12,1948,"EGY",67
12,1948,"ESP",60
12,1948,"FIN",126
12,1948,"FRA",237
12,1948,"GBR",324
12,1948,"GRE",53
12,1948,"GUY",4
12,1948,"HUN",119
12,1948,"IND",44
12,1948,"IRI",24
12,1948,"IRL",64
12,1948,"IRQ",3
12,1948,"ISL",21
12,1948,"ITA",145
12,1948,"JAM",17
12,1948,"KOR",29
12,1948,"LBN",8
12,1948,"LIE",2
12,1948,"LUX",37
12,1948,"MEX",76
12,1948,"MLT",1
12,1948,"MON",4
12,1948,"MYA",5
12,1948,"NED",104
12,1948,"NOR",62
12,1948,"NZL",7
12,1948,"PAK",20
12,1948,"PAN",1
12,1948,"PER",34
12,1948,"PHI",17
12,1948,"POL",41
12,1948,"POR",33
12,1948,"PUR",9
12,1948,"RSA",33
12,1948,"SGP",1
12,1948,"SRI",7
12,1948,"SUI",129
12,1948,"SWE",148
12,1948,"SYR",1
12,1948,"TCH",64
12,1948,"TTO",5
12,1948,"TUR",56
12,1948,"URU",39
12,1948,"USA",226
12,1948,"VEN",1
12,1948,"YUG",47
13,1952,"AHO",1
13,1952,"ARG",97
13,1952,"AUS",73
13,1952,"AUT",101
13,1952,"BAH",3
13,1952,"BEL",88
13,1952,"BER",6
13,1952,"BRA",67
13,1952,"BUL",45
13,1952,"CAN",90
13,1952,"CHI",44
13,1952,"CHN",1
13,1952,"CUB",18
13,1952,"DEN",94
13,1952,"EGY",77
13,1952,"ESP",29
13,1952,"FIN",228
13,1952,"FRA",196
13,1952,"GBR",214
13,1952,"GER",178
13,1952,"GHA",7
13,1952,"GRE",31
13,1952,"GUA",21
13,1952,"GUY",1
13,1952,"HKG",4
13,1952,"HUN",149
13,1952,"INA",4
13,1952,"IND",40
13,1952,"IRI",25
13,1952,"IRL",45
13,1952,"ISL",13
13,1952,"ISR",15
13,1952,"ITA",163
13,1952,"JAM",9
13,1952,"JPN",70
13,1952,"KOR",20
13,1952,"LBN",9
13,1952,"LIE",2
13,1952,"LUX",39
13,1952,"MEX",54
13,1952,"MON",7
13,1952,"MYA",6
13,1952,"NED",74
13,1952,"NGR",10
13,1952,"NOR",82
13,1952,"NZL",11
13,1952,"PAK",28
13,1952,"PAN",5
13,1952,"PHI",14
13,1952,"POL",118
13,1952,"POR",67
13,1952,"PUR",22
13,1952,"ROU",104
13,1952,"RSA",55
13,1952,"SAA",34
13,1952,"SGP",5
13,1952,"SRI",6
13,1952,"SUI",122
13,1952,"SWE",175
13,1952,"TCH",84
13,1952,"THA",10
13,1952,"TTO",2
13,1952,"TUR",33
13,1952,"URS",242
13,1952,"URU",21
13,1952,"USA",232
13,1952,"VEN",42
13,1952,"VNM",10
13,1952,"YUG",68
14,1956,"AFG",1
14,1956,"ARG",25
14,1956,"AUS",224
14,1956,"AUT",28
14,1956,"BAH",3
14,1956,"BEL",40
14,1956,"BER",1
14,1956,"BRA",30
14,1956,"BUL",21
14,1956,"CAN",69
14,1956,"CHI",22
14,1956,"COL",32
14,1956,"CUB",8
14,1956,"DEN",23
14,1956,"ETH",15
14,1956,"FIJ",5
14,1956,"FIN",60
14,1956,"FRA",112
14,1956,"GBR",147
14,1956,"GER",115
14,1956,"GRE",12
14,1956,"GUY",4
14,1956,"HKG",2
14,1956,"HUN",96
14,1956,"INA",10
14,1956,"IND",27
14,1956,"IRI",17
14,1956,"IRL",13
14,1956,"ISL",2
14,1956,"ISR",3
14,1956,"ITA",93
14,1956,"JAM",7
14,1956,"JPN",89
14,1956,"KEN",13
14,1956,"KOR",26
14,1956,"LBR",7
14,1956,"LUX",12
14,1956,"MAL",17
14,1956,"MEX",26
14,1956,"MYA",10
14,1956,"NBO",2
14,1956,"NGR",11
14,1956,"NOR",14
14,1956,"NZL",28
14,1956,"PAK",47
14,1956,"PER",8
14,1956,"PHI",29
14,1956,"POL",61
14,1956,"POR",2
14,1956,"PUR",13
14,1956,"ROU",38
14,1956,"RSA",52
14,1956,"SGP",12
14,1956,"SRI",3
14,1956,"SWE",83
14,1956,"TCH",61
14,1956,"THA",17
14,1956,"TPE",10
14,1956,"TTO",7
14,1956,"TUR",13
14,1956,"UGA",3
14,1956,"URS",217
14,1956,"URU",11
14,1956,"USA",229
14,1956,"VEN",23
14,1956,"VNM",7
14,1956,"YUG",15
15,1960,"AFG",13
15,1960,"AHO",5
15,1960,"ARG",60
15,1960,"AUS",139
15,1960,"AUT",97
15,1960,"BAH",8
15,1960,"BEL",71
15,1960,"BER",4
15,1960,"BRA",38
15,1960,"BUL",80
15,1960,"CAN",71
15,1960,"CHI",9
15,1960,"COL",16
15,1960,"CUB",11
15,1960,"DEN",54
15,1960,"ESP",105
15,1960,"ETH",11
15,1960,"FIJ",2
15,1960,"FIN",107
15,1960,"FRA",162
15,1960,"GBR",194
15,1960,"GER",238
15,1960,"GHA",13
15,1960,"GRE",40
15,1960,"GUY",5
15,1960,"HAI",1
15,1960,"HKG",4
15,1960,"HUN",143
15,1960,"INA",23
15,1960,"IND",29
15,1960,"IRI",23
15,1960,"IRL",50
15,1960,"IRQ",21
15,1960,"ISL",9
15,1960,"ISR",24
15,1960,"ITA",188
15,1960,"JPN",124
15,1960,"KEN",11
15,1960,"KOR",37
15,1960,"LBN",18
15,1960,"LBR",5
15,1960,"LIE",5
15,1960,"LUX",50
15,1960,"MAL",9
15,1960,"MAR",51
15,1960,"MEX",62
15,1960,"MLT",10
15,1960,"MON",9
15,1960,"MYA",9
15,1960,"NED",71
15,1960,"NGR",11
15,1960,"NOR",34
15,1960,"NZL",23
15,1960,"PAK",33
15,1960,"PAN",6
15,1960,"PER",12
15,1960,"PHI",28
15,1960,"POL",148
15,1960,"POR",61
15,1960,"PUR",16
15,1960,"RHO",12
15,1960,"ROU",90
15,1960,"RSA",42
15,1960,"SGP",3
15,1960,"SMR",10
15,1960,"SRI",5
15,1960,"SUD",10
15,1960,"SUI",114
15,1960,"SWE",128
15,1960,"TCH",83
15,1960,"THA",18
15,1960,"TPE",16
15,1960,"TUN",32
15,1960,"TUR",38
15,1960,"UAR",41
15,1960,"UGA",12
15,1960,"URS",231
15,1960,"URU",21
15,1960,"USA",231
15,1960,"VEN",36
15,1960,"VNM",4
15,1960,"WIF",13
15,1960,"YUG",72
15,1960,"ZIM",2
16,1964,"AFG",8
16,1964,"AHO",4
16,1964,"ALG",1
16,1964,"ARG",82
16,1964,"AUS",186
16,1964,"AUT",52
16,1964,"BAH",6
16,1964,"BEL",34
16,1964,"BER",2
16,1964,"BOL",3
16,1964,"BRA",19
16,1964,"BUL",56
16,1964,"CAM",10
16,1964,"CAN",78
16,1964,"CGO",2
16,1964,"CHA",2
16,1964,"CHI",14
16,1964,"CIV",9
16,1964,"CMR",1
16,1964,"COL",22
16,1964,"CRC",2
16,1964,"CUB",21
16,1964,"DEN",42
16,1964,"DOM",1
16,1964,"EGY",33
16,1964,"ESP",39
16,1964,"ETH",13
16,1964,"FIN",72
16,1964,"FRA",117
16,1964,"GBR",183
16,1964,"GER",271
16,1964,"GHA",21
16,1964,"GRE",17
16,1964,"GUY",1
16,1964,"HKG",21
16,1964,"HUN",141
16,1964,"IND",38
16,1964,"IRI",51
16,1964,"IRL",24
16,1964,"IRQ",14
16,1964,"ISL",4
16,1964,"ISR",10
16,1964,"ITA",122
16,1964,"JAM",18
16,1964,"JPN",278
16,1964,"KEN",22
16,1964,"KOR",104
16,1964,"LBN",6
16,1964,"LBR",1
16,1964,"LIE",2
16,1964,"LUX",12
16,1964,"MAD",3
16,1964,"MAR",9
16,1964,"MAS",45
16,1964,"MEX",70
16,1964,"MGL",22
16,1964,"MLI",2
16,1964,"MON",1
16,1964,"MYA",11
16,1964,"NED",72
16,1964,"NEP",6
16,1964,"NGR",15
16,1964,"NIG",1
16,1964,"NOR",17
16,1964,"NZL",39
16,1964,"PAK",25
16,1964,"PAN",12
16,1964,"PER",21
16,1964,"PHI",43
16,1964,"POL",113
16,1964,"POR",17
16,1964,"PUR",21
16,1964,"ROU",98
16,1964,"SEN",8
16,1964,"SRI",6
16,1964,"SUI",61
16,1964,"SWE",96
16,1964,"TAN",4
16,1964,"TCH",63
16,1964,"THA",50
16,1964,"TPE",42
16,1964,"TTO",13
16,1964,"TUN",10
16,1964,"TUR",22
16,1964,"UGA",16
16,1964,"URS",252
16,1964,"URU",11
16,1964,"USA",264
16,1964,"VEN",15
16,1964,"VNM",16
16,1964,"YUG",29
16,1964,"ZAM",12
16,1964,"ZIM",14
17,1968,"AFG",5
17,1968,"AHO",5
17,1968,"ALG",3
17,1968,"ARG",72
17,1968,"AUS",109
17,1968,"AUT",42
17,1968,"BAH",14
17,1968,"BAR",10
17,1968,"BEL",52
17,1968,"BER",4
17,1968,"BIZ",7
17,1968,"BOL",4
17,1968,"BRA",33
17,1968,"BUL",73
17,1968,"CAF",1
17,1968,"CAN",132
17,1968,"CHA",4
17,1968,"CHI",22
17,1968,"CIV",7
17,1968,"CMR",6
17,1968,"COD",5
17,1968,"COL",28
17,1968,"CRC",20
17,1968,"CUB",98
17,1968,"DEN",49
17,1968,"DOM",17
17,1968,"ECU",23
17,1968,"EGY",21
17,1968,"ESA",45
17,1968,"ESP",68
17,1968,"ETH",20
17,1968,"FIJ",1
17,1968,"FIN",66
17,1968,"FRA",152
17,1968,"FRG",229
17,1968,"GBR",200
17,1968,"GDR",168
17,1968,"GHA",19
17,1968,"GRE",33
17,1968,"GUA",31
17,1968,"GUI",1
17,1968,"GUY",5
17,1968,"HKG",8
17,1968,"HON",6
17,1968,"HUN",144
17,1968,"INA",5
17,1968,"IND",12
17,1968,"IRI",14
17,1968,"IRL",34
17,1968,"IRQ",3
17,1968,"ISL",8
17,1968,"ISR",13
17,1968,"ISV",5
17,1968,"ITA",147
17,1968,"JAM",27
17,1968,"JPN",122
17,1968,"KEN",30
17,1968,"KOR",35
17,1968,"KUW",2
17,1968,"LBA",1
17,1968,"LBN",11
17,1968,"LIE",2
17,1968,"LUX",5
17,1968,"MAD",4
17,1968,"MAR",15
17,1968,"MAS",15
17,1968,"MEX",191
17,1968,"MGL",16
17,1968,"MLI",2
17,1968,"MLT",1
17,1968,"MON",2
17,1968,"MYA",4
17,1968,"NCA",11
17,1968,"NED",65
17,1968,"NGR",20
17,1968,"NIG",2
17,1968,"NOR",39
17,1968,"NZL",28
17,1968,"PAK",3
17,1968,"PAN",5
17,1968,"PAR",1
17,1968,"PER",18
17,1968,"PHI",42
17,1968,"POL",144
17,1968,"POR",17
17,1968,"PUR",54
17,1968,"ROU",72
17,1968,"SEN",11
17,1968,"SGP",5
17,1968,"SLE",3
17,1968,"SMR",4
17,1968,"SRI",3
17,1968,"SUD",5
17,1968,"SUI",77
17,1968,"SUR",1
17,1968,"SWE",99
17,1968,"SYR",2
17,1968,"TAN",4
17,1968,"TCH",71
17,1968,"THA",25
17,1968,"TPE",43
17,1968,"TTO",16
17,1968,"TUN",7
17,1968,"TUR",29
17,1968,"UGA",11
17,1968,"URS",250
17,1968,"URU",26
17,1968,"USA",293
17,1968,"VEN",23
17,1968,"VNM",11
17,1968,"YUG",48
17,1968,"ZAM",7
18,1972,"AFG",8
18,1972,"AHO",2
18,1972,"ALB",5
18,1972,"ALG",5
18,1972,"ARG",62
18,1972,"AUS",116
18,1972,"AUT",85
18,1972,"BAH",14
18,1972,"BAR",13
18,1972,"BEL",60
18,1972,"BEN",4
18,1972,"BER",4
18,1972,"BIZ",1
18,1972,"BOL",11
18,1972,"BRA",40
18,1972,"BUL",112
18,1972,"BUR",1
18,1972,"CAM",11
18,1972,"CAN",189
18,1972,"CGO",6
18,1972,"CHA",4
18,1972,"CHI",11
18,1972,"CIV",9
18,1972,"CMR",12
18,1972,"COL",44
18,1972,"CRC",3
18,1972,"CUB",89
18,1972,"DEN",79
18,1972,"DOM",5
18,1972,"ECU",6
18,1972,"EGY",14
18,1972,"ESA",14
18,1972,"ESP",60
18,1972,"ETH",29
18,1972,"FIJ",2
18,1972,"FIN",91
18,1972,"FRA",185
18,1972,"FRG",299
18,1972,"GAB",2
18,1972,"GBR",255
18,1972,"GDR",227
18,1972,"GHA",20
18,1972,"GRE",46
18,1972,"GUA",8
18,1972,"GUY",3
18,1972,"HAI",7
18,1972,"HKG",8
18,1972,"HUN",170
18,1972,"INA",10
18,1972,"IND",29
18,1972,"IRI",32
18,1972,"IRL",59
18,1972,"ISL",11
18,1972,"ISR",13
18,1972,"ISV",11
18,1972,"ITA",172
18,1972,"JAM",30
18,1972,"JPN",136
18,1972,"KEN",41
18,1972,"KOR",25
18,1972,"KSA",12
18,1972,"KUW",6
18,1972,"LBN",22
18,1972,"LBR",7
18,1972,"LES",1
18,1972,"LIE",6
18,1972,"LUX",11
18,1972,"MAD",9
18,1972,"MAR",18
18,1972,"MAS",18
18,1972,"MAW",16
18,1972,"MEX",131
18,1972,"MGL",39
18,1972,"MLI",3
18,1972,"MLT",2
18,1972,"MON",5
18,1972,"MYA",6
18,1972,"NCA",9
18,1972,"NED",86
18,1972,"NEP",2
18,1972,"NGR",22
18,1972,"NIG",4
18,1972,"NOR",77
18,1972,"NZL",52
18,1972,"PAK",13
18,1972,"PAN",7
18,1972,"PAR",4
18,1972,"PER",20
18,1972,"PHI",43
18,1972,"POL",195
18,1972,"POR",27
18,1972,"PRK",25
18,1972,"PUR",41
18,1972,"ROU",115
18,1972,"SEN",24
18,1972,"SGP",7
18,1972,"SMR",7
18,1972,"SOM",4
18,1972,"SRI",4
18,1972,"SUD",13
18,1972,"SUI",136
18,1972,"SUR",2
18,1972,"SWE",109
18,1972,"SWZ",2
18,1972,"SYR",5
18,1972,"TAN",15
18,1972,"TCH",108
18,1972,"THA",32
18,1972,"TOG",8
18,1972,"TPE",22
18,1972,"TTO",21
18,1972,"TUN",10
18,1972,"TUR",43
18,1972,"UGA",17
18,1972,"URS",265
18,1972,"URU",11
18,1972,"USA",315
18,1972,"VEN",21
18,1972,"VNM",2
18,1972,"YUG",76
18,1972,"ZAM",11
19,1976,"AHO",4
19,1976,"AND",3
19,1976,"ANT",9
19,1976,"ARG",53
19,1976,"AUS",131
19,1976,"AUT",59
19,1976,"BAH",12
19,1976,"BAR",10
19,1976,"BEL",83
19,1976,"BER",15
19,1976,"BIZ",4
19,1976,"BOL",4
19,1976,"BRA",45
19,1976,"BUL",123
19,1976,"CAN",240
19,1976,"CAY",1
19,1976,"CHI",7
19,1976,"CIV",7
19,1976,"CMR",5
19,1976,"COL",31
19,1976,"CRC",5
19,1976,"CUB",95
19,1976,"DEN",41
19,1976,"DOM",11
19,1976,"ECU",5
19,1976,"EGY",10
19,1976,"ESP",71
19,1976,"FIJ",2
19,1976,"FIN",76
19,1976,"FRA",162
19,1976,"FRG",212
19,1976,"GBR",212
19,1976,"GDR",185
19,1976,"GRE",33
19,1976,"GUA",11
19,1976,"HAI",13
19,1976,"HKG",27
19,1976,"HON",3
19,1976,"HUN",134
19,1976,"INA",7
19,1976,"IND",11
19,1976,"IRI",63
19,1976,"IRL",34
19,1976,"ISL",13
19,1976,"ISR",11
19,1976,"ISV",19
19,1976,"ITA",161
19,1976,"JAM",23
19,1976,"JPN",142
19,1976,"KOR",28
19,1976,"KSA",14
19,1976,"KUW",15
19,1976,"LBN",3
19,1976,"LIE",6
19,1976,"LUX",8
19,1976,"MAR",12
19,1976,"MAS",8
19,1976,"MEX",63
19,1976,"MGL",32
19,1976,"MON",6
19,1976,"NCA",17
19,1976,"NED",62
19,1976,"NEP",1
19,1976,"NOR",48
19,1976,"NZL",48
19,1976,"PAK",9
19,1976,"PAN",8
19,1976,"PAR",4
19,1976,"PER",2
19,1976,"PHI",13
19,1976,"PNG",6
19,1976,"POL",148
19,1976,"POR",20
19,1976,"PRK",24
19,1976,"PUR",71
19,1976,"ROU",103
19,1976,"SEN",23
19,1976,"SGP",4
19,1976,"SMR",10
19,1976,"SUI",45
19,1976,"SUR",3
19,1976,"SWE",108
19,1976,"TCH",90
19,1976,"THA",41
19,1976,"TTO",12
19,1976,"TUN",9
19,1976,"TUR",27
19,1976,"URS",272
19,1976,"URU",10
19,1976,"USA",313
19,1976,"VEN",35
19,1976,"YUG",50
20,1980,"AFG",11
20,1980,"ALG",31
20,1980,"AND",2
20,1980,"ANG",14
20,1980,"AUS",86
20,1980,"AUT",61
20,1980,"BEL",54
20,1980,"BEN",16
20,1980,"BOT",7
20,1980,"BRA",66
20,1980,"BUL",192
20,1980,"CGO",9
20,1980,"CMR",25
20,1980,"COL",7
20,1980,"CRC",14
20,1980,"CUB",103
20,1980,"CYP",12
20,1980,"DEN",33
20,1980,"DOM",6
20,1980,"ECU",11
20,1980,"ESP",80
20,1980,"ETH",38
20,1980,"FIN",91
20,1980,"FRA",109
20,1980,"GBR",187
20,1980,"GDR",241
20,1980,"GRE",28
20,1980,"GUA",9
20,1980,"GUI",9
20,1980,"GUY",8
20,1980,"HUN",184
20,1980,"IND",34
20,1980,"IRL",40
20,1980,"IRQ",27
20,1980,"ISL",9
20,1980,"ITA",113
20,1980,"JAM",19
20,1980,"JOR",4
20,1980,"KUW",31
20,1980,"LAO",19
20,1980,"LBA",21
20,1980,"LBN",15
20,1980,"LES",5
20,1980,"LUX",3
20,1980,"MAD",11
20,1980,"MEX",48
20,1980,"MGL",43
20,1980,"MLI",7
20,1980,"MLT",9
20,1980,"MOZ",14
20,1980,"MYA",2
20,1980,"NCA",5
20,1980,"NED",56
20,1980,"NEP",11
20,1980,"NGR",28
20,1980,"NZL",5
20,1980,"PER",19
20,1980,"POL",206
20,1980,"POR",11
20,1980,"PRK",49
20,1980,"PUR",3
20,1980,"ROU",155
20,1980,"SEN",21
20,1980,"SEY",12
20,1980,"SLE",16
20,1980,"SMR",16
20,1980,"SRI",1
20,1980,"SUI",44
20,1980,"SWE",112
20,1980,"SYR",53
20,1980,"TAN",26
20,1980,"TCH",125
20,1980,"TTO",8
20,1980,"UGA",13
20,1980,"URS",314
20,1980,"VEN",22
20,1980,"VIE",31
20,1980,"YUG",72
20,1980,"ZAM",25
20,1980,"ZIM",28
21,1984,"AHO",9
21,1984,"ALG",19
21,1984,"AND",2
21,1984,"ANT",15
21,1984,"ARG",70
21,1984,"AUS",165
21,1984,"AUT",85
21,1984,"BAH",20
21,1984,"BAN",1
21,1984,"BAR",15
21,1984,"BEL",63
21,1984,"BEN",3
21,1984,"BER",11
21,1984,"BHU",6
21,1984,"BIZ",10
21,1984,"BOL",11
21,1984,"BOT",7
21,1984,"BRA",78
21,1984,"BRN",11
21,1984,"CAF",3
21,1984,"CAN",270
21,1984,"CAY",8
21,1984,"CGO",10
21,1984,"CHA",3
21,1984,"CHI",27
21,1984,"CHN",143
21,1984,"CIV",14
21,1984,"CMR",33
21,1984,"COD",8
21,1984,"COL",39
21,1984,"CRC",12
21,1984,"CYP",10
21,1984,"DEN",39
21,1984,"DJI",3
21,1984,"DOM",21
21,1984,"ECU",11
21,1984,"EGY",82
21,1984,"ESA",10
21,1984,"ESP",124
21,1984,"FIJ",14
21,1984,"FIN",88
21,1984,"FRA",189
21,1984,"FRG",258
21,1984,"GAB",4
21,1984,"GAM",9
21,1984,"GBR",286
21,1984,"GEQ",4
21,1984,"GHA",20
21,1984,"GRE",50
21,1984,"GRN",7
21,1984,"GUA",26
21,1984,"GUI",1
21,1984,"GUY",10
21,1984,"HAI",4
21,1984,"HKG",52
21,1984,"HON",12
21,1984,"INA",16
21,1984,"IND",33
21,1984,"IRL",43
21,1984,"IRQ",9
21,1984,"ISL",15
21,1984,"ISR",31
21,1984,"ISV",30
21,1984,"ITA",197
21,1984,"IVB",7
21,1984,"JAM",45
21,1984,"JOR",13
21,1984,"JPN",186
21,1984,"KEN",45
21,1984,"KOR",119
21,1984,"KSA",24
21,1984,"KUW",25
21,1984,"LBN",22
21,1984,"LBR",6
21,1984,"LES",4
21,1984,"LIE",7
21,1984,"LUX",5
21,1984,"MAD",5
21,1984,"MAR",21
21,1984,"MAS",6
21,1984,"MAW",16
21,1984,"MEX",102
21,1984,"MLI",4
21,1984,"MLT",7
21,1984,"MON",8
21,1984,"MOZ",9
21,1984,"MRI",4
21,1984,"MTN",2
21,1984,"MYA",1
21,1984,"NCA",6
21,1984,"NED",85
21,1984,"NEP",11
21,1984,"NGR",29
21,1984,"NIG",4
21,1984,"NOR",76
21,1984,"NZL",82
21,1984,"OMA",17
21,1984,"PAK",13
21,1984,"PAN",8
21,1984,"PAR",16
21,1984,"PER",26
21,1984,"PHI",20
21,1984,"PNG",7
21,1984,"POR",38
21,1984,"PUR",47
21,1984,"QAT",10
21,1984,"ROU",85
21,1984,"RWA",3
21,1984,"SAM",8
21,1984,"SEN",22
21,1984,"SEY",9
21,1984,"SGP",7
21,1984,"SLE",7
21,1984,"SMR",19
21,1984,"SOL",3
21,1984,"SOM",7
21,1984,"SRI",3
21,1984,"SUD",7
21,1984,"SUI",114
21,1984,"SUR",5
21,1984,"SWE",153
21,1984,"SWZ",8
21,1984,"SYR",9
21,1984,"TAN",19
21,1984,"TGA",7
21,1984,"THA",34
21,1984,"TOG",6
21,1984,"TPE",39
21,1984,"TTO",14
21,1984,"TUN",12
21,1984,"TUR",47
21,1984,"UAE",8
21,1984,"UGA",27
21,1984,"URU",6
21,1984,"USA",363
21,1984,"VEN",28
21,1984,"YAR",2
21,1984,"YUG",62
21,1984,"ZAM",16
21,1984,"ZIM",16
22,1988,"AFG",5
22,1988,"AHO",3
22,1988,"ALG",31
22,1988,"AND",3
22,1988,"ANG",25
22,1988,"ANT",16
22,1988,"ARG",52
22,1988,"ARU",9
22,1988,"ASA",6
22,1988,"AUS",170
22,1988,"AUT",79
22,1988,"BAH",15
22,1988,"BAN",7
22,1988,"BAR",17
22,1988,"BEL",58
22,1988,"BEN",5
22,1988,"BER",11
22,1988,"BHU",4
22,1988,"BIZ",10
22,1988,"BOL",7
22,1988,"BOT",8
22,1988,"BRA",109
22,1988,"BRN",12
22,1988,"BUL",122
22,1988,"BUR",6
22,1988,"CAF",4
22,1988,"CAN",267
22,1988,"CAY",6
22,1988,"CGO",5
22,1988,"CHA",6
22,1988,"CHI",16
22,1988,"CHN",213
22,1988,"CIV",12
22,1988,"CMR",15
22,1988,"COD",16
22,1988,"COK",7
22,1988,"COL",38
22,1988,"CRC",18
22,1988,"CYP",9
22,1988,"DEN",85
22,1988,"DJI",6
22,1988,"DOM",17
22,1988,"ECU",16
22,1988,"EGY",45
22,1988,"ESA",6
22,1988,"ESP",171
22,1988,"FIJ",21
22,1988,"FIN",80
22,1988,"FRA",237
22,1988,"FRG",267
22,1988,"GAB",3
22,1988,"GAM",6
22,1988,"GBR",289
22,1988,"GDR",192
22,1988,"GEQ",6
22,1988,"GHA",13
22,1988,"GRE",35
22,1988,"GRN",6
22,1988,"GUA",12
22,1988,"GUI",6
22,1988,"GUM",19
22,1988,"GUY",8
22,1988,"HAI",4
22,1988,"HKG",53
22,1988,"HON",8
22,1988,"HUN",155
22,1988,"INA",31
22,1988,"IND",32
22,1988,"IRI",26
22,1988,"IRL",55
22,1988,"IRQ",12
22,1988,"ISL",17
22,1988,"ISR",18
22,1988,"ISV",27
22,1988,"ITA",187
22,1988,"IVB",3
22,1988,"JAM",30
22,1988,"JOR",9
22,1988,"JPN",222
22,1988,"KEN",60
22,1988,"KOR",289
22,1988,"KSA",14
22,1988,"KUW",27
22,1988,"LAO",3
22,1988,"LBA",6
22,1988,"LBN",21
22,1988,"LBR",8
22,1988,"LES",6
22,1988,"LIE",12
22,1988,"LUX",8
22,1988,"MAR",28
22,1988,"MAS",15
22,1988,"MAW",16
22,1988,"MDV",5
22,1988,"MEX",92
22,1988,"MGL",29
22,1988,"MLI",6
22,1988,"MLT",6
22,1988,"MON",9
22,1988,"MOZ",8
22,1988,"MRI",9
22,1988,"MTN",6
22,1988,"MYA",2
22,1988,"NED",109
22,1988,"NEP",18
22,1988,"NGR",50
22,1988,"NIG",8
22,1988,"NOR",45
22,1988,"NZL",70
22,1988,"OMA",9
22,1988,"PAK",14
22,1988,"PAN",6
22,1988,"PAR",11
22,1988,"PER",10
22,1988,"PHI",34
22,1988,"PNG",11
22,1988,"POL",133
22,1988,"POR",62
22,1988,"PUR",38
22,1988,"QAT",11
22,1988,"ROU",53
22,1988,"RWA",6
22,1988,"SAM",11
22,1988,"SEN",23
22,1988,"SGP",10
22,1988,"SLE",14
22,1988,"SMR",11
22,1988,"SOL",5
22,1988,"SOM",5
22,1988,"SRI",6
22,1988,"SUD",8
22,1988,"SUI",94
22,1988,"SUR",6
22,1988,"SWE",138
22,1988,"SWZ",12
22,1988,"SYR",13
22,1988,"TAN",10
22,1988,"TCH",112
22,1988,"TGA",5
22,1988,"THA",12
22,1988,"TOG",6
22,1988,"TPE",78
22,1988,"TTO",6
22,1988,"TUN",12
22,1988,"TUR",51
22,1988,"UAE",13
22,1988,"UGA",25
22,1988,"URS",317
22,1988,"URU",12
22,1988,"USA",387
22,1988,"VAN",6
22,1988,"VEN",18
22,1988,"VIE",9
22,1988,"VIN",8
22,1988,"YAR",8
22,1988,"YMD",5
22,1988,"YUG",75
22,1988,"ZAM",13
22,1988,"ZIM",31
23,1992,"AHO",4
23,1992,"ALB",7
23,1992,"ALG",27
23,1992,"AND",7
23,1992,"ANG",18
23,1992,"ANT",12
23,1992,"ARG",65
23,1992,"ARU",5
23,1992,"ASA",3
23,1992,"AUS",186
23,1992,"AUT",80
23,1992,"BAH",13
23,1992,"BAN",6
23,1992,"BAR",14
23,1992,"BEL",65
23,1992,"BEN",6
23,1992,"BER",16
23,1992,"BHU",8
23,1992,"BIH",10
23,1992,"BIZ",11
23,1992,"BOL",12
23,1992,"BOT",6
23,1992,"BRA",120
23,1992,"BRN",11
23,1992,"BUL",129
23,1992,"BUR",4
23,1992,"CAF",15
23,1992,"CAN",253
23,1992,"CAY",8
23,1992,"CGO",6
23,1992,"CHA",6
23,1992,"CHI",15
23,1992,"CHN",193
23,1992,"CIV",11
23,1992,"CMR",9
23,1992,"COD",16
23,1992,"COK",2
23,1992,"COL",31
23,1992,"CRC",16
23,1992,"CRO",24
23,1992,"CUB",108
23,1992,"CYP",16
23,1992,"DEN",77
23,1992,"DJI",8
23,1992,"DOM",13
23,1992,"ECU",13
23,1992,"EGY",34
23,1992,"ESA",4
23,1992,"ESP",261
23,1992,"EST",33
23,1992,"ETH",19
23,1992,"EUN",340
23,1992,"FIJ",16
23,1992,"FIN",86
23,1992,"FRA",276
23,1992,"GAB",5
23,1992,"GAM",4
23,1992,"GBR",294
23,1992,"GEQ",7
23,1992,"GER",338
23,1992,"GHA",18
23,1992,"GRE",55
23,1992,"GRN",4
23,1992,"GUA",17
23,1992,"GUI",8
23,1992,"GUM",24
23,1992,"GUY",6
23,1992,"HAI",7
23,1992,"HKG",39
23,1992,"HON",10
23,1992,"HUN",187
23,1992,"INA",41
23,1992,"IND",40
23,1992,"IOA",59
23,1992,"IRI",41
23,1992,"IRL",57
23,1992,"IRQ",8
23,1992,"ISL",15
23,1992,"ISR",28
23,1992,"ISV",22
23,1992,"ITA",215
23,1992,"IVB",2
23,1992,"JAM",33
23,1992,"JOR",7
23,1992,"JPN",207
23,1992,"KEN",49
23,1992,"KOR",161
23,1992,"KSA",10
23,1992,"KUW",17
23,1992,"LAO",6
23,1992,"LAT",35
23,1992,"LBA",5
23,1992,"LBN",12
23,1992,"LES",6
23,1992,"LIE",7
23,1992,"LTU",32
23,1992,"LUX",6
23,1992,"MAD",14
23,1992,"MAR",31
23,1992,"MAS",10
23,1992,"MAW",4
23,1992,"MDV",7
23,1992,"MEX",97
23,1992,"MGL",33
23,1992,"MLI",5
23,1992,"MLT",6
23,1992,"MON",2
23,1992,"MOZ",6
23,1992,"MRI",12
23,1992,"MTN",6
23,1992,"MYA",4
23,1992,"NAM",6
23,1992,"NCA",8
23,1992,"NED",127
23,1992,"NEP",3
23,1992,"NGR",41
23,1992,"NIG",3
23,1992,"NOR",57
23,1992,"NZL",92
23,1992,"OMA",5
23,1992,"PAK",11
23,1992,"PAN",5
23,1992,"PAR",10
23,1992,"PER",16
23,1992,"PHI",29
23,1992,"PNG",14
23,1992,"POL",169
23,1992,"POR",79
23,1992,"PRK",66
23,1992,"PUR",47
23,1992,"QAT",10
23,1992,"ROU",133
23,1992,"RSA",85
23,1992,"RWA",10
23,1992,"SAM",5
23,1992,"SEN",19
23,1992,"SEY",11
23,1992,"SGP",14
23,1992,"SLE",9
23,1992,"SLO",28
23,1992,"SMR",15
23,1992,"SOL",1
23,1992,"SRI",11
23,1992,"SUD",6
23,1992,"SUI",98
23,1992,"SUR",6
23,1992,"SWE",145
23,1992,"SWZ",6
23,1992,"SYR",9
23,1992,"TAN",9
23,1992,"TCH",133
23,1992,"TGA",5
23,1992,"THA",39
23,1992,"TOG",5
23,1992,"TPE",19
23,1992,"TTO",8
23,1992,"TUN",15
23,1992,"TUR",49
23,1992,"UAE",17
23,1992,"UGA",8
23,1992,"URU",16
23,1992,"USA",403
23,1992,"VAN",6
23,1992,"VEN",21
23,1992,"VIE",7
23,1992,"VIN",6
23,1992,"YEM",9
23,1992,"ZAM",9
23,1992,"ZIM",17
24,1996,"AFG",2
24,1996,"AHO",6
24,1996,"ALB",7
24,1996,"ALG",31
24,1996,"AND",7
24,1996,"ANG",6
24,1996,"ANT",8
24,1996,"ARG",94
24,1996,"ARM",32
24,1996,"ARU",3
24,1996,"ASA",6
24,1996,"AUS",264
24,1996,"AUT",64
24,1996,"AZE",23
24,1996,"BAH",23
24,1996,"BAN",4
24,1996,"BAR",13
24,1996,"BDI",7
24,1996,"BEL",61
24,1996,"BEN",4
24,1996,"BER",8
24,1996,"BHU",2
24,1996,"BIH",9
24,1996,"BIZ",5
24,1996,"BLR",142
24,1996,"BOL",8
24,1996,"BOT",4
24,1996,"BRA",115
24,1996,"BRN",3
24,1996,"BRU",1
24,1996,"BUL",93
24,1996,"BUR",6
24,1996,"CAF",5
24,1996,"CAM",5
24,1996,"CAN",229
24,1996,"CAY",7
24,1996,"CGO",5
24,1996,"CHA",4
24,1996,"CHI",17
24,1996,"CHN",200
24,1996,"CIV",9
24,1996,"CMR",12
24,1996,"COD",3
24,1996,"COK",3
24,1996,"COL",47
24,1996,"COM",4
24,1996,"CPV",4
24,1996,"CRC",11
24,1996,"CRO",45
24,1996,"CUB",104
24,1996,"CYP",16
24,1996,"CZE",109
24,1996,"DEN",67
24,1996,"DJI",5
24,1996,"DMA",6
24,1996,"DOM",16
24,1996,"ECU",19
24,1996,"EGY",14
24,1996,"ESA",8
24,1996,"ESP",198
24,1996,"EST",43
24,1996,"ETH",18
24,1996,"FIJ",14
24,1996,"FIN",75
24,1996,"FRA",235
24,1996,"GAB",6
24,1996,"GAM",6
24,1996,"GBR",223
24,1996,"GBS",3
24,1996,"GEO",33
24,1996,"GEQ",5
24,1996,"GER",320
24,1996,"GHA",16
24,1996,"GRE",93
24,1996,"GRN",2
24,1996,"GUA",26
24,1996,"GUI",5
24,1996,"GUM",8
24,1996,"GUY",6
24,1996,"HAI",7
24,1996,"HKG",21
24,1996,"HON",7
24,1996,"HUN",163
24,1996,"INA",28
24,1996,"IND",32
24,1996,"IRI",18
24,1996,"IRL",68
24,1996,"IRQ",3
24,1996,"ISL",9
24,1996,"ISR",25
24,1996,"ISV",10
24,1996,"ITA",226
24,1996,"IVB",6
24,1996,"JAM",44
24,1996,"JOR",5
24,1996,"JPN",199
24,1996,"KAZ",99
24,1996,"KEN",50
24,1996,"KGZ",36
24,1996,"KOR",181
24,1996,"KSA",15
24,1996,"KUW",14
24,1996,"LAO",2
24,1996,"LAT",46
24,1996,"LBA",5
24,1996,"LBN",1
24,1996,"LBR",4
24,1996,"LCA",5
24,1996,"LES",5
24,1996,"LIE",2
24,1996,"LTU",50
24,1996,"LUX",6
24,1996,"MAD",10
24,1996,"MAR",34
24,1996,"MAS",19
24,1996,"MAW",2
24,1996,"MDA",40
24,1996,"MDV",6
24,1996,"MEX",77
24,1996,"MGL",16
24,1996,"MKD",11
24,1996,"MLI",3
24,1996,"MLT",7
24,1996,"MON",3
24,1996,"MOZ",4
24,1996,"MRI",25
24,1996,"MTN",4
24,1996,"MYA",3
24,1996,"NAM",8
24,1996,"NCA",7
24,1996,"NED",110
24,1996,"NEP",6
24,1996,"NGR",53
24,1996,"NIG",3
24,1996,"NOR",54
24,1996,"NRU",3
24,1996,"NZL",80
24,1996,"OMA",4
24,1996,"PAK",9
24,1996,"PAN",7
24,1996,"PAR",7
24,1996,"PER",20
24,1996,"PHI",12
24,1996,"PLE",1
24,1996,"PNG",11
24,1996,"POL",138
24,1996,"POR",82
24,1996,"PRK",25
24,1996,"PUR",43
24,1996,"QAT",10
24,1996,"ROU",136
24,1996,"RSA",66
24,1996,"RUS",300
24,1996,"RWA",4
24,1996,"SAM",5
24,1996,"SCG",35
24,1996,"SEN",9
24,1996,"SEY",9
24,1996,"SGP",15
24,1996,"SKN",5
24,1996,"SLE",9
24,1996,"SLO",32
24,1996,"SMR",7
24,1996,"SOL",4
24,1996,"SOM",4
24,1996,"SRI",9
24,1996,"STP",2
24,1996,"SUD",4
24,1996,"SUI",95
24,1996,"SUR",7
24,1996,"SVK",67
24,1996,"SWE",130
24,1996,"SWZ",6
24,1996,"SYR",7
24,1996,"TAN",7
24,1996,"TGA",5
24,1996,"THA",28
24,1996,"TJK",8
24,1996,"TKM",7
24,1996,"TOG",4
24,1996,"TPE",62
24,1996,"TTO",12
24,1996,"TUN",24
24,1996,"TUR",53
24,1996,"UAE",4
24,1996,"UGA",11
24,1996,"UKR",177
24,1996,"URU",14
24,1996,"USA",406
24,1996,"UZB",67
24,1996,"VAN",4
24,1996,"VEN",39
24,1996,"VIE",6
24,1996,"VIN",6
24,1996,"YEM",5
24,1996,"ZAM",8
24,1996,"ZIM",15
25,2000,"AHO",8
25,2000,"ALB",4
25,2000,"ALG",46
25,2000,"AND",5
25,2000,"ANG",7
25,2000,"ANT",3
25,2000,"ARG",91
25,2000,"ARM",25
25,2000,"ARU",5
25,2000,"ASA",4
25,2000,"AUS",364
25,2000,"AUT",72
25,2000,"AZE",31
25,2000,"BAH",22
25,2000,"BAN",5
25,2000,"BAR",17
25,2000,"BDI",6
25,2000,"BEL",67
25,2000,"BEN",4
25,2000,"BER",5
25,2000,"BHU",2
25,2000,"BIH",9
25,2000,"BIZ",2
25,2000,"BLR",126
25,2000,"BOL",5
25,2000,"BOT",5
25,2000,"BRA",104
25,2000,"BRN",4
25,2000,"BRU",2
25,2000,"BUL",85
25,2000,"BUR",4
25,2000,"CAF",3
25,2000,"CAM",4
25,2000,"CAN",204
25,2000,"CAY",3
25,2000,"CGO",5
25,2000,"CHA",2
25,2000,"CHI",31
25,2000,"CHN",198
25,2000,"CIV",11
25,2000,"CMR",14
25,2000,"COD",2
25,2000,"COK",2
25,2000,"COL",41
25,2000,"COM",2
25,2000,"CPV",2
25,2000,"CRC",7
25,2000,"CRO",54
25,2000,"CUB",145
25,2000,"CYP",20
25,2000,"CZE",96
25,2000,"DEN",61
25,2000,"DJI",2
25,2000,"DMA",4
25,2000,"DOM",13
25,2000,"ECU",10
25,2000,"EGY",60
25,2000,"ERI",3
25,2000,"ESA",8
25,2000,"ESP",206
25,2000,"EST",31
25,2000,"ETH",27
25,2000,"FIJ",7
25,2000,"FIN",67
25,2000,"FRA",251
25,2000,"FSM",5
25,2000,"GAB",5
25,2000,"GAM",2
25,2000,"GBR",237
25,2000,"GBS",3
25,2000,"GEO",37
25,2000,"GEQ",4
25,2000,"GER",310
25,2000,"GHA",17
25,2000,"GRE",118
25,2000,"GRN",3
25,2000,"GUA",13
25,2000,"GUI",6
25,2000,"GUM",7
25,2000,"GUY",4
25,2000,"HAI",5
25,2000,"HKG",32
25,2000,"HON",4
25,2000,"HUN",148
25,2000,"INA",36
25,2000,"IND",39
25,2000,"IOA",4
25,2000,"IRI",35
25,2000,"IRL",51
25,2000,"IRQ",4
25,2000,"ISL",18
25,2000,"ISR",35
25,2000,"ISV",9
25,2000,"ITA",217
25,2000,"IVB",1
25,2000,"JAM",43
25,2000,"JOR",8
25,2000,"JPN",190
25,2000,"KAZ",107
25,2000,"KEN",44
25,2000,"KGZ",50
25,2000,"KOR",149
25,2000,"KSA",17
25,2000,"KUW",12
25,2000,"LAO",3
25,2000,"LAT",45
25,2000,"LBA",3
25,2000,"LBN",6
25,2000,"LBR",6
25,2000,"LCA",5
25,2000,"LES",6
25,2000,"LIE",2
25,2000,"LTU",48
25,2000,"LUX",7
25,2000,"MAD",10
25,2000,"MAR",39
25,2000,"MAS",23
25,2000,"MAW",2
25,2000,"MDA",34
25,2000,"MDV",4
25,2000,"MEX",77
25,2000,"MGL",20
25,2000,"MKD",10
25,2000,"MLI",5
25,2000,"MLT",7
25,2000,"MON",4
25,2000,"MOZ",5
25,2000,"MRI",19
25,2000,"MTN",2
25,2000,"MYA",7
25,2000,"NAM",11
25,2000,"NCA",6
25,2000,"NED",115
25,2000,"NEP",5
25,2000,"NGR",49
25,2000,"NIG",4
25,2000,"NOR",54
25,2000,"NRU",3
25,2000,"NZL",84
25,2000,"OMA",4
25,2000,"PAK",11
25,2000,"PAN",6
25,2000,"PAR",5
25,2000,"PER",11
25,2000,"PHI",20
25,2000,"PLE",2
25,2000,"PLW",5
25,2000,"PNG",5
25,2000,"POL",142
25,2000,"POR",56
25,2000,"PRK",30
25,2000,"PUR",22
25,2000,"QAT",16
25,2000,"ROU",113
25,2000,"RSA",73
25,2000,"RUS",323
25,2000,"RWA",5
25,2000,"SAM",5
25,2000,"SCG",47
25,2000,"SEN",15
25,2000,"SEY",9
25,2000,"SGP",14
25,2000,"SKN",2
25,2000,"SLE",3
25,2000,"SLO",46
25,2000,"SMR",4
25,2000,"SOL",2
25,2000,"SOM",2
25,2000,"SRI",14
25,2000,"STP",2
25,2000,"SUD",3
25,2000,"SUI",95
25,2000,"SUR",4
25,2000,"SVK",66
25,2000,"SWE",113
25,2000,"SWZ",6
25,2000,"SYR",8
25,2000,"TAN",4
25,2000,"TGA",3
25,2000,"THA",43
25,2000,"TJK",4
25,2000,"TKM",8
25,2000,"TOG",3
25,2000,"TPE",54
25,2000,"TTO",17
25,2000,"TUN",34
25,2000,"TUR",60
25,2000,"UAE",4
25,2000,"UGA",13
25,2000,"UKR",224
25,2000,"URU",15
25,2000,"USA",396
25,2000,"UZB",63
25,2000,"VAN",3
25,2000,"VEN",45
25,2000,"VIE",7
25,2000,"VIN",4
25,2000,"YEM",2
25,2000,"ZAM",8
25,2000,"ZIM",18
26,2004,"AFG",5
26,2004,"AHO",3
26,2004,"ALB",7
26,2004,"ALG",63
26,2004,"AND",6
26,2004,"ANG",6
26,2004,"ANT",5
26,2004,"ARG",80
26,2004,"ARM",18
26,2004,"ARU",4
26,2004,"ASA",3
26,2004,"AUS",268
26,2004,"AUT",67
26,2004,"AZE",37
26,2004,"BAH",17
26,2004,"BAN",4
26,2004,"BAR",10
26,2004,"BDI",7
26,2004,"BEL",49
26,2004,"BEN",4
26,2004,"BER",7
26,2004,"BHU",2
26,2004,"BIH",9
26,2004,"BIZ",2
26,2004,"BLR",130
26,2004,"BOL",7
26,2004,"BOT",8
26,2004,"BRA",149
26,2004,"BRN",10
26,2004,"BRU",1
26,2004,"BUL",85
26,2004,"BUR",5
26,2004,"CAF",4
26,2004,"CAM",4
26,2004,"CAN",177
26,2004,"CAY",5
26,2004,"CGO",6
26,2004,"CHA",2
26,2004,"CHI",23
26,2004,"CHN",261
26,2004,"CIV",5
26,2004,"CMR",17
26,2004,"COD",5
26,2004,"COK",3
26,2004,"COL",52
26,2004,"COM",3
26,2004,"CPV",3
26,2004,"CRC",7
26,2004,"CRO",52
26,2004,"CUB",109
26,2004,"CYP",20
26,2004,"CZE",115
26,2004,"DEN",61
26,2004,"DMA",2
26,2004,"DOM",22
26,2004,"ECU",16
26,2004,"EGY",55
26,2004,"ERI",4
26,2004,"ESA",7
26,2004,"ESP",196
26,2004,"EST",38
26,2004,"ETH",26
26,2004,"FIJ",8
26,2004,"FIN",53
26,2004,"FRA",247
26,2004,"FSM",5
26,2004,"GAB",5
26,2004,"GAM",2
26,2004,"GBR",210
26,2004,"GBS",3
26,2004,"GEO",33
26,2004,"GEQ",2
26,2004,"GER",308
26,2004,"GHA",11
26,2004,"GRE",238
26,2004,"GRN",5
26,2004,"GUA",18
26,2004,"GUI",3
26,2004,"GUM",4
26,2004,"GUY",4
26,2004,"HAI",8
26,2004,"HKG",30
26,2004,"HON",5
26,2004,"HUN",151
26,2004,"INA",29
26,2004,"IND",54
26,2004,"IRI",37
26,2004,"IRL",41
26,2004,"IRQ",8
26,2004,"ISL",12
26,2004,"ISR",32
26,2004,"ISV",6
26,2004,"ITA",215
26,2004,"IVB",1
26,2004,"JAM",43
26,2004,"JOR",8
26,2004,"JPN",194
26,2004,"KAZ",92
26,2004,"KEN",35
26,2004,"KGZ",29
26,2004,"KIR",3
26,2004,"KOR",165
26,2004,"KSA",17
26,2004,"KUW",11
26,2004,"LAO",5
26,2004,"LAT",32
26,2004,"LBA",8
26,2004,"LBN",5
26,2004,"LBR",2
26,2004,"LCA",2
26,2004,"LES",3
26,2004,"LIE",1
26,2004,"LTU",45
26,2004,"LUX",11
26,2004,"MAD",9
26,2004,"MAR",42
26,2004,"MAS",22
26,2004,"MAW",4
26,2004,"MDA",33
26,2004,"MDV",4
26,2004,"MEX",78
26,2004,"MGL",20
26,2004,"MKD",10
26,2004,"MLI",6
26,2004,"MLT",7
26,2004,"MON",3
26,2004,"MOZ",4
26,2004,"MRI",9
26,2004,"MTN",2
26,2004,"MYA",2
26,2004,"NAM",8
26,2004,"NCA",5
26,2004,"NED",110
26,2004,"NEP",6
26,2004,"NGR",35
26,2004,"NIG",4
26,2004,"NOR",39
26,2004,"NRU",3
26,2004,"NZL",86
26,2004,"OMA",2
26,2004,"PAK",11
26,2004,"PAN",4
26,2004,"PAR",6
26,2004,"PER",12
26,2004,"PHI",16
26,2004,"PLE",3
26,2004,"PLW",4
26,2004,"PNG",4
26,2004,"POL",149
26,2004,"POR",60
26,2004,"PRK",38
26,2004,"PUR",29
26,2004,"QAT",15
26,2004,"ROU",96
26,2004,"RSA",73
26,2004,"RUS",344
26,2004,"RWA",5
26,2004,"SAM",3
26,2004,"SCG",33
26,2004,"SEN",15
26,2004,"SEY",9
26,2004,"SGP",16
26,2004,"SKN",2
26,2004,"SLE",2
26,2004,"SLO",58
26,2004,"SMR",5
26,2004,"SOL",2
26,2004,"SOM",2
26,2004,"SRI",7
26,2004,"STP",2
26,2004,"SUD",5
26,2004,"SUI",87
26,2004,"SUR",4
26,2004,"SVK",57
26,2004,"SWE",94
26,2004,"SWZ",3
26,2004,"SYR",6
26,2004,"TAN",8
26,2004,"TGA",5
26,2004,"THA",40
26,2004,"TJK",9
26,2004,"TKM",9
26,2004,"TLS",2
26,2004,"TOG",3
26,2004,"TPE",53
26,2004,"TTO",17
26,2004,"TUN",31
26,2004,"TUR",65
26,2004,"UAE",4
26,2004,"UGA",11
26,2004,"UKR",204
26,2004,"URU",14
26,2004,"USA",377
26,2004,"UZB",68
26,2004,"VAN",2
26,2004,"VEN",48
26,2004,"VIE",10
26,2004,"VIN",3
26,2004,"YEM",3
26,2004,"ZAM",6
26,2004,"ZIM",11
53,2008,"AFG",4
53,2008,"AHO",3
53,2008,"ALB",11
53,2008,"ALG",48
53,2008,"AND",5
53,2008,"ANG",7
53,2008,"ANT",5
53,2008,"ARG",73
53,2008,"ARM",26
53,2008,"ARU",2
53,2008,"ASA",4
53,2008,"AUS",268
53,2008,"AUT",61
53,2008,"AZE",41
53,2008,"BAH",23
53,2008,"BAN",5
53,2008,"BAR",8
53,2008,"BDI",3
53,2008,"BEL",56
53,2008,"BEN",5
53,2008,"BER",6
53,2008,"BHU",2
53,2008,"BIH",5
53,2008,"BIZ",4
53,2008,"BLR",146
53,2008,"BOL",7
53,2008,"BOT",12
53,2008,"BRA",162
53,2008,"BRN",15
53,2008,"BUL",53
53,2008,"BUR",6
53,2008,"CAF",3
53,2008,"CAM",4
53,2008,"CAN",215
53,2008,"CAY",4
53,2008,"CGO",5
53,2008,"CHA",2
53,2008,"CHI",27
53,2008,"CHN",351
53,2008,"CIV",6
53,2008,"CMR",16
53,2008,"COD",5
53,2008,"COK",4
53,2008,"COL",65
53,2008,"COM",3
53,2008,"CPV",2
53,2008,"CRC",8
53,2008,"CRO",62
53,2008,"CUB",115
53,2008,"CYP",17
53,2008,"CZE",110
53,2008,"DEN",59
53,2008,"DJI",2
53,2008,"DMA",2
53,2008,"DOM",22
53,2008,"ECU",25
53,2008,"EGY",72
53,2008,"ERI",10
53,2008,"ESA",11
53,2008,"ESP",186
53,2008,"EST",43
53,2008,"ETH",28
53,2008,"FIJ",6
53,2008,"FIN",54
53,2008,"FRA",257
53,2008,"FSM",5
53,2008,"GAB",4
53,2008,"GAM",3
53,2008,"GBR",238
53,2008,"GBS",3
53,2008,"GEO",33
53,2008,"GEQ",3
53,2008,"GER",260
53,2008,"GHA",9
53,2008,"GRE",98
53,2008,"GRN",9
53,2008,"GUA",12
53,2008,"GUI",5
53,2008,"GUM",6
53,2008,"GUY",4
53,2008,"HAI",7
53,2008,"HKG",42
53,2008,"HON",7
53,2008,"HUN",129
53,2008,"INA",24
53,2008,"IND",50
53,2008,"IRI",49
53,2008,"IRL",47
53,2008,"IRQ",3
53,2008,"ISL",14
53,2008,"ISR",37
53,2008,"ISV",7
53,2008,"ITA",242
53,2008,"IVB",2
53,2008,"JAM",46
53,2008,"JOR",7
53,2008,"JPN",216
53,2008,"KAZ",103
53,2008,"KEN",46
53,2008,"KGZ",20
53,2008,"KIR",2
53,2008,"KOR",161
53,2008,"KSA",15
53,2008,"KUW",8
53,2008,"LAO",4
53,2008,"LAT",36
53,2008,"LBA",7
53,2008,"LBN",7
53,2008,"LBR",3
53,2008,"LCA",4
53,2008,"LES",5
53,2008,"LIE",2
53,2008,"LTU",58
53,2008,"LUX",13
53,2008,"MAD",6
53,2008,"MAR",47
53,2008,"MAS",36
53,2008,"MAW",4
53,2008,"MDA",29
53,2008,"MDV",4
53,2008,"MEX",82
53,2008,"MGL",28
53,2008,"MHL",5
53,2008,"MKD",7
53,2008,"MLI",6
53,2008,"MLT",6
53,2008,"MNE",7
53,2008,"MON",5
53,2008,"MOZ",4
53,2008,"MRI",12
53,2008,"MTN",2
53,2008,"MYA",8
53,2008,"NAM",10
53,2008,"NCA",6
53,2008,"NED",110
53,2008,"NEP",8
53,2008,"NGR",44
53,2008,"NIG",5
53,2008,"NOR",49
53,2008,"NRU",1
53,2008,"NZL",90
53,2008,"OMA",4
53,2008,"PAK",6
53,2008,"PAN",5
53,2008,"PAR",7
53,2008,"PER",13
53,2008,"PHI",19
53,2008,"PLE",4
53,2008,"PLW",5
53,2008,"PNG",7
53,2008,"POL",193
53,2008,"POR",73
53,2008,"PRK",45
53,2008,"PUR",22
53,2008,"QAT",20
53,2008,"ROU",83
53,2008,"RSA",96
53,2008,"RUS",357
53,2008,"RWA",4
53,2008,"SAM",6
53,2008,"SEN",15
53,2008,"SEY",8
53,2008,"SGP",27
53,2008,"SKN",4
53,2008,"SLE",3
53,2008,"SLO",53
53,2008,"SMR",4
53,2008,"SOL",3
53,2008,"SOM",2
53,2008,"SRB",40
53,2008,"SRI",9
53,2008,"STP",3
53,2008,"SUD",9
53,2008,"SUI",76
53,2008,"SUR",4
53,2008,"SVK",52
53,2008,"SWE",97
53,2008,"SWZ",4
53,2008,"SYR",8
53,2008,"TAN",10
53,2008,"TGA",3
53,2008,"THA",42
53,2008,"TJK",15
53,2008,"TKM",10
53,2008,"TLS",2
53,2008,"TOG",4
53,2008,"TPE",50
53,2008,"TTO",24
53,2008,"TUN",29
53,2008,"TUR",67
53,2008,"TUV",3
53,2008,"UAE",8
53,2008,"UGA",11
53,2008,"UKR",233
53,2008,"URU",11
53,2008,"USA",389
53,2008,"UZB",56
53,2008,"VAN",3
53,2008,"VEN",74
53,2008,"VIE",21
53,2008,"VIN",2
53,2008,"YEM",5
53,2008,"ZAM",8
53,2008,"ZIM",13
54,2012,"AFG",6
54,2012,"ALB",9
54,2012,"ALG",28
54,2012,"AND",6
54,2012,"ANG",11
54,2012,"ANT",4
54,2012,"ARG",63
54,2012,"ARM",24
54,2012,"ARU",4
54,2012,"ASA",5
54,2012,"AUS",254
54,2012,"AUT",62
54,2012,"AZE",51
54,2012,"BAH",21
54,2012,"BAN",5
54,2012,"BAR",6
54,2012,"BDI",6
54,2012,"BEL",79
54,2012,"BEN",5
54,2012,"BER",7
54,2012,"BHU",2
54,2012,"BIH",6
54,2012,"BIZ",3
54,2012,"BLR",128
54,2012,"BOL",5
54,2012,"BOT",4
54,2012,"BRA",153
54,2012,"BRN",12
54,2012,"BRU",3
54,2012,"BUL",47
54,2012,"BUR",5
54,2012,"CAF",6
54,2012,"CAM",6
54,2012,"CAN",209
54,2012,"CAY",5
54,2012,"CGO",7
54,2012,"CHA",2
54,2012,"CHI",35
54,2012,"CHN",276
54,2012,"CIV",9
54,2012,"CMR",16
54,2012,"COD",4
54,2012,"COK",8
54,2012,"COL",81
54,2012,"COM",3
54,2012,"CPV",3
54,2012,"CRC",11
54,2012,"CRO",53
54,2012,"CUB",100
54,2012,"CYP",13
54,2012,"CZE",105
54,2012,"DEN",74
54,2012,"DJI",5
54,2012,"DMA",2
54,2012,"DOM",21
54,2012,"ECU",36
54,2012,"EGY",89
54,2012,"ERI",12
54,2012,"ESA",10
54,2012,"ESP",163
54,2012,"EST",28
54,2012,"ETH",34
54,2012,"FIJ",9
54,2012,"FIN",52
54,2012,"FRA",236
54,2012,"FSM",6
54,2012,"GAB",7
54,2012,"GAM",2
54,2012,"GBR",320
54,2012,"GBS",4
54,2012,"GEO",35
54,2012,"GEQ",2
54,2012,"GER",286
54,2012,"GHA",9
54,2012,"GRE",74
54,2012,"GRN",9
54,2012,"GUA",19
54,2012,"GUI",4
54,2012,"GUM",8
54,2012,"GUY",6
54,2012,"HAI",5
54,2012,"HKG",36
54,2012,"HON",10
54,2012,"HUN",112
54,2012,"INA",19
54,2012,"IND",64
54,2012,"IOA",4
54,2012,"IRI",53
54,2012,"IRL",60
54,2012,"IRQ",8
54,2012,"ISL",14
54,2012,"ISR",28
54,2012,"ISV",7
54,2012,"ITA",209
54,2012,"IVB",2
54,2012,"JAM",42
54,2012,"JOR",9
54,2012,"JPN",215
54,2012,"KAZ",103
54,2012,"KEN",45
54,2012,"KGZ",14
54,2012,"KIR",3
54,2012,"KOR",156
54,2012,"KSA",19
54,2012,"KUW",10
54,2012,"LAO",3
54,2012,"LAT",41
54,2012,"LBA",4
54,2012,"LBN",10
54,2012,"LBR",4
54,2012,"LCA",4
54,2012,"LES",4
54,2012,"LIE",3
54,2012,"LTU",50
54,2012,"LUX",9
54,2012,"MAD",7
54,2012,"MAR",49
54,2012,"MAS",30
54,2012,"MAW",3
54,2012,"MDA",20
54,2012,"MDV",5
54,2012,"MEX",87
54,2012,"MGL",29
54,2012,"MHL",4
54,2012,"MKD",4
54,2012,"MLI",6
54,2012,"MLT",5
54,2012,"MNE",8
54,2012,"MON",6
54,2012,"MOZ",6
54,2012,"MRI",10
54,2012,"MTN",2
54,2012,"MYA",6
54,2012,"NAM",9
54,2012,"NCA",6
54,2012,"NED",107
54,2012,"NEP",5
54,2012,"NGR",37
54,2012,"NIG",6
54,2012,"NOR",46
54,2012,"NRU",2
54,2012,"NZL",89
54,2012,"OMA",4
54,2012,"PAK",6
54,2012,"PAN",8
54,2012,"PAR",8
54,2012,"PER",16
54,2012,"PHI",11
54,2012,"PLE",5
54,2012,"PLW",5
54,2012,"PNG",8
54,2012,"POL",165
54,2012,"POR",70
54,2012,"PRK",34
54,2012,"PUR",25
54,2012,"QAT",12
54,2012,"ROU",78
54,2012,"RSA",68
54,2012,"RUS",330
54,2012,"RWA",7
54,2012,"SAM",8
54,2012,"SEN",15
54,2012,"SEY",6
54,2012,"SGP",22
54,2012,"SKN",4
54,2012,"SLE",2
54,2012,"SLO",61
54,2012,"SMR",4
54,2012,"SOL",4
54,2012,"SOM",2
54,2012,"SRB",60
54,2012,"SRI",7
54,2012,"STP",2
54,2012,"SUD",6
54,2012,"SUI",71
54,2012,"SUR",5
54,2012,"SVK",46
54,2012,"SWE",85
54,2012,"SWZ",3
54,2012,"SYR",10
54,2012,"TAN",6
54,2012,"TGA",3
54,2012,"THA",35
54,2012,"TJK",16
54,2012,"TKM",10
54,2012,"TLS",2
54,2012,"TOG",6
54,2012,"TPE",44
54,2012,"TTO",25
54,2012,"TUN",48
54,2012,"TUR",87
54,2012,"TUV",3
54,2012,"UAE",9
54,2012,"UGA",15
54,2012,"UKR",214
54,2012,"URU",11
54,2012,"USA",378
54,2012,"UZB",53
54,2012,"VAN",5
54,2012,"VEN",63
54,2012,"VIE",17
54,2012,"VIN",3
54,2012,"YEM",4
54,2012,"ZAM",7
54,2012,"ZIM",7
59,2016,"AFG",3
59,2016,"ALB",6
59,2016,"ALG",47
59,2016,"AND",4
59,2016,"ANG",10
59,2016,"ANT",7
59,2016,"ARG",85
59,2016,"ARM",32
59,2016,"ARU",6
59,2016,"ASA",4
59,2016,"AUS",262
59,2016,"AUT",61
59,2016,"AZE",55
59,2016,"BAH",26
59,2016,"BAN",7
59,2016,"BAR",11
59,2016,"BDI",9
59,2016,"BEL",90
59,2016,"BEN",6
59,2016,"BER",8
59,2016,"BHU",2
59,2016,"BIH",11
59,2016,"BIZ",3
59,2016,"BLR",100
59,2016,"BOL",12
59,2016,"BOT",11
59,2016,"BRA",271
59,2016,"BRN",34
59,2016,"BRU",3
59,2016,"BUL",45
59,2016,"BUR",5
59,2016,"CAF",6
59,2016,"CAM",6
59,2016,"CAN",218
59,2016,"CAY",5
59,2016,"CGO",10
59,2016,"CHA",2
59,2016,"CHI",34
59,2016,"CHN",279
59,2016,"CIV",12
59,2016,"CMR",13
59,2016,"COD",4
59,2016,"COK",9
59,2016,"COL",98
59,2016,"COM",4
59,2016,"CPV",5
59,2016,"CRC",10
59,2016,"CRO",48
59,2016,"CUB",97
59,2016,"CYP",16
59,2016,"CZE",96
59,2016,"DEN",73
59,2016,"DJI",7
59,2016,"DMA",2
59,2016,"DOM",24
59,2016,"ECU",37
59,2016,"EGY",89
59,2016,"EOR",10
59,2016,"ERI",12
59,2016,"ESA",8
59,2016,"ESP",177
59,2016,"EST",42
59,2016,"ETH",38
59,2016,"FIJ",14
59,2016,"FIN",51
59,2016,"FRA",258
59,2016,"FSM",5
59,2016,"GAB",6
59,2016,"GAM",4
59,2016,"GBR",266
59,2016,"GBS",5
59,2016,"GEO",41
59,2016,"GEQ",2
59,2016,"GER",300
59,2016,"GHA",12
59,2016,"GRE",69
59,2016,"GRN",7
59,2016,"GUA",21
59,2016,"GUI",5
59,2016,"GUM",5
59,2016,"GUY",6
59,2016,"HAI",10
59,2016,"HKG",32
59,2016,"HON",8
59,2016,"HUN",128
59,2016,"INA",24
59,2016,"IND",78
59,2016,"IOA",9
59,2016,"IRI",52
59,2016,"IRL",59
59,2016,"IRQ",5
59,2016,"ISL",8
59,2016,"ISR",40
59,2016,"ISV",7
59,2016,"ITA",224
59,2016,"IVB",4
59,2016,"JAM",51
59,2016,"JOR",8
59,2016,"JPN",231
59,2016,"KAZ",99
59,2016,"KEN",58
59,2016,"KGZ",19
59,2016,"KIR",3
59,2016,"KOR",146
59,2016,"KOS",8
59,2016,"KSA",11
59,2016,"LAO",6
59,2016,"LAT",31
59,2016,"LBA",7
59,2016,"LBN",9
59,2016,"LBR",2
59,2016,"LCA",5
59,2016,"LES",8
59,2016,"LIE",3
59,2016,"LTU",49
59,2016,"LUX",10
59,2016,"MAD",6
59,2016,"MAR",49
59,2016,"MAS",32
59,2016,"MAW",5
59,2016,"MDA",24
59,2016,"MDV",4
59,2016,"MEX",97
59,2016,"MGL",43
59,2016,"MHL",5
59,2016,"MKD",6
59,2016,"MLI",6
59,2016,"MLT",7
59,2016,"MNE",9
59,2016,"MON",3
59,2016,"MOZ",7
59,2016,"MRI",11
59,2016,"MTN",2
59,2016,"MYA",7
59,2016,"NAM",10
59,2016,"NCA",5
59,2016,"NED",145
59,2016,"NEP",7
59,2016,"NGR",44
59,2016,"NIG",6
59,2016,"NOR",46
59,2016,"NRU",2
59,2016,"NZL",91
59,2016,"OMA",4
59,2016,"PAK",7
59,2016,"PAN",10
59,2016,"PAR",11
59,2016,"PER",29
59,2016,"PHI",13
59,2016,"PLE",6
59,2016,"PLW",5
59,2016,"PNG",8
59,2016,"POL",181
59,2016,"POR",73
59,2016,"PRK",31
59,2016,"PUR",30
59,2016,"QAT",24
59,2016,"ROU",67
59,2016,"RSA",84
59,2016,"RUS",221
59,2016,"RWA",7
59,2016,"SAM",8
59,2016,"SEN",11
59,2016,"SEY",10
59,2016,"SGP",22
59,2016,"SKN",5
59,2016,"SLE",4
59,2016,"SLO",44
59,2016,"SMR",4
59,2016,"SOL",3
59,2016,"SOM",2
59,2016,"SRB",55
59,2016,"SRI",9
59,2016,"SSD",3
59,2016,"STP",3
59,2016,"SUD",6
59,2016,"SUI",82
59,2016,"SUR",6
59,2016,"SVK",47
59,2016,"SWE",94
59,2016,"SWZ",2
59,2016,"SYR",7
59,2016,"TAN",7
59,2016,"TGA",7
59,2016,"THA",51
59,2016,"TJK",7
59,2016,"TKM",9
59,2016,"TLS",3
59,2016,"TOG",5
59,2016,"TPE",56
59,2016,"TTO",28
59,2016,"TUN",44
59,2016,"TUR",87
59,2016,"TUV",1
59,2016,"UAE",13
59,2016,"UGA",21
59,2016,"UKR",184
59,2016,"URU",16
59,2016,"USA",380
59,2016,"UZB",66
59,2016,"VAN",4
59,2016,"VEN",73
59,2016,"VIE",21
59,2016,"VIN",4
59,2016,"YEM",3
59,2016,"ZAM",7
59,2016,"ZIM",14
61,2020,"AFG",5
61,2020,"ALB",9
61,2020,"ALG",40
61,2020,"AND",2
61,2020,"ANG",6
61,2020,"ANT",6
61,2020,"ARG",69
61,2020,"ARM",17
61,2020,"ARU",3
61,2020,"ASA",5
61,2020,"AUS",279
61,2020,"AUT",72
61,2020,"AZE",40
61,2020,"BAH",13
61,2020,"BAN",7
61,2020,"BAR",8
61,2020,"BDI",6
61,2020,"BEL",92
61,2020,"BEN",7
61,2020,"BER",2
61,2020,"BHU",4
61,2020,"BIH",7
61,2020,"BIZ",3
61,2020,"BLR",94
61,2020,"BOL",5
61,2020,"BOT",11
61,2020,"BRA",192
61,2020,"BRN",18
61,2020,"BRU",2
61,2020,"BUL",37
61,2020,"BUR",7
61,2020,"CAF",2
61,2020,"CAM",3
61,2020,"CAN",235
61,2020,"CAY",5
61,2020,"CGO",3
61,2020,"CHA",3
61,2020,"CHI",34
61,2020,"CHN",286
61,2020,"CIV",11
61,2020,"CMR",12
61,2020,"COD",7
61,2020,"COK",6
61,2020,"COL",65
61,2020,"COM",3
61,2020,"CPV",6
61,2020,"CRC",14
61,2020,"CRO",45
61,2020,"CUB",69
61,2020,"CYP",15
61,2020,"CZE",97
61,2020,"DEN",73
61,2020,"DJI",4
61,2020,"DMA",2
61,2020,"DOM",28
61,2020,"ECU",44
61,2020,"EGY",101
61,2020,"EOR",30
61,2020,"ERI",13
61,2020,"ESA",5
61,2020,"ESP",193
61,2020,"EST",30
61,2020,"ETH",36
61,2020,"FIJ",8
61,2020,"FIN",44
61,2020,"FRA",271
61,2020,"FSM",3
61,2020,"GAB",5
61,2020,"GAM",4
61,2020,"GBR",267
61,2020,"GBS",4
61,2020,"GEO",33
61,2020,"GEQ",3
61,2020,"GER",296
61,2020,"GHA",11
61,2020,"GRE",61
61,2020,"GRN",6
61,2020,"GUA",23
61,2020,"GUI",5
61,2020,"GUM",5
61,2020,"GUY",7
61,2020,"HAI",6
61,2020,"HKG",40
61,2020,"HON",6
61,2020,"HUN",130
61,2020,"INA",24
61,2020,"IND",85
61,2020,"IRI",45
61,2020,"IRL",81
61,2020,"IRQ",3
61,2020,"ISL",4
61,2020,"ISR",62
61,2020,"ISV",4
61,2020,"ITA",275
61,2020,"IVB",3
61,2020,"JAM",51
61,2020,"JOR",14
61,2020,"JPN",341
61,2020,"KAZ",86
61,2020,"KEN",50
61,2020,"KGZ",16
61,2020,"KIR",3
61,2020,"KOR",149
61,2020,"KOS",11
61,2020,"KSA",12
61,2020,"KUW",9
61,2020,"LAO",4
61,2020,"LAT",29
61,2020,"LBA",4
61,2020,"LBN",6
61,2020,"LBR",3
61,2020,"LCA",5
61,2020,"LES",2
61,2020,"LIE",4
61,2020,"LTU",37
61,2020,"LUX",12
61,2020,"MAD",6
61,2020,"MAR",45
61,2020,"MAS",27
61,2020,"MAW",5
61,2020,"MDA",22
61,2020,"MDV",4
61,2020,"MEX",105
61,2020,"MGL",43
61,2020,"MHL",2
61,2020,"MKD",8
61,2020,"MLI",4
61,2020,"MLT",6
61,2020,"MNE",9
61,2020,"MON",6
61,2020,"MOZ",9
61,2020,"MRI",8
61,2020,"MTN",2
61,2020,"MYA",2
61,2020,"NAM",11
61,2020,"NCA",8
61,2020,"NED",163
61,2020,"NEP",5
61,2020,"NGR",29
61,2020,"NIG",7
61,2020,"NOR",59
61,2020,"NRU",2
61,2020,"NZL",96
61,2020,"OMA",5
61,2020,"PAK",10
61,2020,"PAN",10
61,2020,"PAR",8
61,2020,"PER",34
61,2020,"PHI",19
61,2020,"PLE",5
61,2020,"PLW",3
61,2020,"PNG",8
61,2020,"POL",167
61,2020,"POR",74
61,2020,"PUR",25
61,2020,"QAT",15
61,2020,"ROC",267
61,2020,"ROU",54
61,2020,"RSA",83
61,2020,"RWA",5
61,2020,"SAM",9
61,2020,"SEN",9
61,2020,"SEY",5
61,2020,"SGP",22
61,2020,"SKN",2
61,2020,"SLE",4
61,2020,"SLO",42
61,2020,"SMR",6
61,2020,"SOL",3
61,2020,"SOM",2
61,2020,"SRB",51
61,2020,"SRI",9
61,2020,"SSD",2
61,2020,"STP",4
61,2020,"SUD",5
61,2020,"SUI",102
61,2020,"SUR",3
61,2020,"SVK",38
61,2020,"SWE",85
61,2020,"SWZ",4
61,2020,"SYR",6
61,2020,"TAN",3
61,2020,"TGA",6
61,2020,"THA",39
61,2020,"TJK",10
61,2020,"TKM",9
61,2020,"TLS",3
61,2020,"TOG",4
61,2020,"TPE",70
61,2020,"TTO",24
61,2020,"TUN",51
61,2020,"TUR",94
61,2020,"TUV",2
61,2020,"UAE",5
61,2020,"UGA",25
61,2020,"UKR",142
61,2020,"URU",9
61,2020,"USA",427
61,2020,"UZB",64
61,2020,"VAN",3
61,2020,"VEN",31
61,2020,"VIE",18
61,2020,"VIN",3
61,2020,"YEM",5
61,2020,"ZAM",9
61,2020,"ZIM",5
